"拍卖日期","拍卖物品清单编号","批号","物品详情","数量","单位"
"14/07/2022","2/2022","C-401","帽","7","(顶)"
"14/07/2022","2/2022","C-401","衣物","51","(件)"
"14/07/2022","2/2022","C-401","手袋/袋","85","(个)"
"14/07/2022","2/2022","C-401","厨房用具","8","(件)"
"14/07/2022","2/2022","C-401","证件套","10","(个)"
"14/07/2022","2/2022","C-401","围巾","19","(条)"
"14/07/2022","2/2022","C-401","玩具","75","(件)"
"14/07/2022","2/2022","C-401","饰物","160","(件)"
"14/07/2022","2/2022","C-401","雨衣","40","(件)"
"14/07/2022","2/2022","C-401","手提电话配件","1","(个)"
"14/07/2022","2/2022","C-402","衣物","40","(件)"
"14/07/2022","2/2022","C-402","颜色石","76","(件)"
"14/07/2022","2/2022","C-402","耳环","72","(对)"
"14/07/2022","2/2022","C-402","戒指","35","(件)"
"14/07/2022","2/2022","C-402","厨房用具","45","(件)"
"14/07/2022","2/2022","C-402","装饰品","6","(件)"
"14/07/2022","2/2022","C-402","袜","30","(对)"
"14/07/2022","2/2022","C-402","毛巾","104","(条)"
"14/07/2022","2/2022","C-402","饰物","4","(件)"
"14/07/2022","2/2022","C-402","饰物","1","(批)"
"14/07/2022","2/2022","C-402","婴儿用品","18","(个)"
"14/07/2022","2/2022","C-403","旧全球定位器","1","(个)"
"14/07/2022","2/2022","C-403","旧电动泵","1","(个)"
"14/07/2022","2/2022","C-403","旧电池","1","(个)"
"14/07/2022","2/2022","C-403","旧手提电话","1","(部)"
"14/07/2022","2/2022","C-403","旧手提电话","1","(部)"
"14/07/2022","2/2022","C-404","床单/床套","13","(张)"
"14/07/2022","2/2022","C-404","帽","20","(顶)"
"14/07/2022","2/2022","C-404","衣物","73","(件)"
"14/07/2022","2/2022","C-404","雨伞","15","(把)"
"14/07/2022","2/2022","C-405","旧私家车 (无匙) (已损坏)","1","(辆)"
"14/07/2022","2/2022","C-406","旧私家车 (无匙) (已损坏)","1","(辆)"
"14/07/2022","2/2022","C-407","旧私家车 (无匙) (已损坏)","1","(辆)"
"14/07/2022","2/2022","C-408","旧私家车 (有匙) (已损坏)","1","(辆)"
"14/07/2022","2/2022","C-409","夹娃娃机","16","(部)"
"14/07/2022","2/2022","C-409","代币兑换机","5","(部)"
"14/07/2022","2/2022","C-409","硬币兑换机","1","(部)"
"14/07/2022","2/2022","C-410","旧私家车 (有匙)","1","(辆)"
"14/07/2022","2/2022","C-411","天然琥珀","4","(公斤)"
"14/07/2022","2/2022","C-411","天然黄玛瑙原石","1.058","(公斤)"
"14/07/2022","2/2022","C-411","天然黄玛瑙原石","0.909","(公斤)"
"14/07/2022","2/2022","C-411","天然黄玛瑙原石","0.969","(公斤)"
"14/07/2022","2/2022","C-411","天然黄玛瑙原石","0.925","(公斤)"
"14/07/2022","2/2022","C-411","天然黄玛瑙原石","0.918","(公斤)"
"14/07/2022","2/2022","C-411","天然黄玛瑙原石","1.101","(公斤)"
"14/07/2022","2/2022","C-412","手提电话","1","(部)"
"14/07/2022","2/2022","C-412","手提电话","1","(部)"
"14/07/2022","2/2022","C-412","手提电话","1","(部)"
"14/07/2022","2/2022","C-412","手提电话","1","(部)"
"14/07/2022","2/2022","C-413","桌上电脑 (不连硬碟机)","1","(部)"
"14/07/2022","2/2022","C-414","旧私家车 (无匙)","1","(辆)"
"14/07/2022","2/2022","C-415","旧轻型货车 (无匙) 

(品牌：平治)","1","(辆)"
"14/07/2022","2/2022","C-416","旧中型货车 (无匙) 

(品牌：东风)","1","(辆)"
"14/07/2022","2/2022","C-417","旧中型货车 (无匙) 

(品牌：达富)","1","(辆)"
"14/07/2022","2/2022","C-418","旧拖架","1","(辆)"
"14/07/2022","2/2022","C-419","旧私家车 (无匙) 

(品牌：丰田)","1","(辆)"
"14/07/2022","2/2022","C-420","旧私家车 (无匙) 

(品牌：丰田)","1","(辆)"
"14/07/2022","2/2022","C-421","旧私家车 (无匙) 

(品牌：丰田)","1","(辆)"
"14/07/2022","2/2022","C-422","旧私家车 (无匙) 

(品牌：丰田)","1","(辆)"
"14/07/2022","2/2022","C-423","旧私家车 (无匙) 

(品牌：丰田)","1","(辆)"
"14/07/2022","2/2022","C-424","旧私家车 (无匙) 

(品牌：丰田)","1","(辆)"
"14/07/2022","2/2022","C-425","旧私家车 (无匙) 

(品牌：丰田)","1","(辆)"
"14/07/2022","2/2022","C-426","旧私家车 (无匙) 

(品牌：丰田)","1","(辆)"
"14/07/2022","2/2022","C-427","旧私家车 (无匙) 

(品牌：丰田)","1","(辆)"
"14/07/2022","2/2022","C-428","旧私家车 (无匙) 

(品牌：丰田)","1","(辆)"
"14/07/2022","2/2022","C-429","旧私家车 (无匙) 

(品牌：本田)","1","(辆)"
"14/07/2022","2/2022","M-101","传真机","1","(部)"
"14/07/2022","2/2022","M-101","碎纸机","1","(部)"
"14/07/2022","2/2022","M-101","杀虫器","2","(部)"
"14/07/2022","2/2022","M-101","传真机","1","(部)"
"14/07/2022","2/2022","M-101","传真机","1","(部)"
"14/07/2022","2/2022","M-101","集线器连管理模组软件","2","(部)"
"14/07/2022","2/2022","M-102","学生椅","820","(张)"
"14/07/2022","2/2022","M-102","折台","9","(张)"
"14/07/2022","2/2022","M-102","过胶机","3","(部)"
"14/07/2022","2/2022","M-102","过胶机","1","(部)"
"14/07/2022","2/2022","M-102","A3过胶机","1","(部)"
"14/07/2022","2/2022","M-102","碎纸机","1","(部)"
"14/07/2022","2/2022","M-102","微波炉","1","(部)"
"14/07/2022","2/2022","M-102","切纸器","1","(件)"
"14/07/2022","2/2022","M-102","四座位有扶手背椅","1","(张)"
"14/07/2022","2/2022","M-102","有辘白磁板","2","(件)"
"14/07/2022","2/2022","M-102","扩音器","1","(件)"
"14/07/2022","2/2022","M-102","扩音器","1","(件)"
"14/07/2022","2/2022","M-102","扩音器","1","(件)"
"14/07/2022","2/2022","M-102","光碟卡式收音录音机","2","(部)"
"14/07/2022","2/2022","M-102","光碟卡式收音录音机","4","(部)"
"14/07/2022","2/2022","M-102","光碟卡式收音录音机","4","(部)"
"14/07/2022","2/2022","M-102","光碟卡式收音录音机","2","(部)"
"14/07/2022","2/2022","M-102","卡式录音机","1","(部)"
"14/07/2022","2/2022","M-102","挂墙扬声器 (已拆下)","1","(个)"
"14/07/2022","2/2022","M-102","热熔钉装机","1","(部)"
"14/07/2022","2/2022","M-102","碎纸机","1","(部)"
"14/07/2022","2/2022","M-103","3排半扬琴","2","(个)"
"14/07/2022","2/2022","M-103","中阮","2","(个)"
"14/07/2022","2/2022","M-103","虎丘二胡","8","(个)"
"14/07/2022","2/2022","M-103","四排扬琴","1","(个)"
"14/07/2022","2/2022","M-103","白木柳琴","3","(个)"
"14/07/2022","2/2022","M-103","18弦钢线古筝","2","(个)"
"14/07/2022","2/2022","M-103","小号喇叭","4","(个)"
"14/07/2022","2/2022","M-104","机械人","2","(个)"
"14/07/2022","2/2022","M-104","机械人","1","(个)"
"14/07/2022","2/2022","M-104","机械人套件","17","(套)"
"14/07/2022","2/2022","M-104","机械人配件","1","(个)"
"14/07/2022","2/2022","M-104","摇控器板","1","(个)"
"14/07/2022","2/2022","M-104","手推车","1","(部)"
"14/07/2022","2/2022","M-104","机械人教材套件","1","(套)"
"14/07/2022","2/2022","M-104","机械人摇控器","2","(个)"
"14/07/2022","2/2022","M-104","教育教材套装","8","(套)"
"14/07/2022","2/2022","M-105","户外台椅","10","(件)"
"14/07/2022","2/2022","M-105","机械狗","1","(套)"
"14/07/2022","2/2022","M-105","3D立体铣床","1","(部)"
"14/07/2022","2/2022","M-105","机器人","1","(件)"
"14/07/2022","2/2022","M-105","油压系统木套件","2","(件)"
"14/07/2022","2/2022","M-105","平板切割机","1","(部)"
"14/07/2022","2/2022","M-105","3D立体打印机","3","(部)"
"14/07/2022","2/2022","M-105","实物投影机 (已拆下)","1","(部)"
"14/07/2022","2/2022","M-105","影碟播放机","1","(部)"
"14/07/2022","2/2022","M-105","录影机","1","(部)"
"14/07/2022","2/2022","M-105","卡式录音机","1","(部)"
"14/07/2022","2/2022","M-105","无线麦克风系统","1","(套)"
"14/07/2022","2/2022","M-105","光碟播放机","1","(部)"
"14/07/2022","2/2022","M-105","数位光处理投影机 (已拆下)","1","(部)"
"14/07/2022","2/2022","M-105","实物投影机 (已拆下)","1","(部)"
"14/07/2022","2/2022","M-105","数码相机","1","(部)"
"14/07/2022","2/2022","M-105","数码相机","1","(部)"
"14/07/2022","2/2022","M-105","数码相机","1","(部)"
"14/07/2022","2/2022","M-105","数码相机","1","(部)"
"14/07/2022","2/2022","M-105","摄录机麦克风","1","(件)"
"14/07/2022","2/2022","M-105","充电器","1","(个)"
"14/07/2022","2/2022","M-105","<U+6E29>度记录仪连7日时钟表","1","(个)"
"14/07/2022","2/2022","M-105","日照计","1","(个)"
"14/07/2022","2/2022","M-105","高影机 (已拆下)","1","(部)"
"14/07/2022","2/2022","M-105","幻灯片机 (已拆下)","1","(部)"
"14/07/2022","2/2022","M-105","实物投影机 (已拆下)","1","(部)"
"14/07/2022","2/2022","M-105","实物投影机 (已拆下)","1","(部)"
"14/07/2022","2/2022","M-105","实物投影机 (已拆下)","1","(部)"
"14/07/2022","2/2022","M-106","媒体储存器","4","(部)"
"14/07/2022","2/2022","M-106","连接器","1","(部)"
"14/07/2022","2/2022","M-106","电影制作硬件","1","(件)"
"14/07/2022","2/2022","M-106","影片转换器","1","(件)"
"14/07/2022","2/2022","M-106","光碟复制机","1","(部)"
"14/07/2022","2/2022","M-106","光碟打印机","1","(部)"
"14/07/2022","2/2022","M-106","硬碟机 (已消磁)","2","(个)"
"14/07/2022","2/2022","M-106","电影制作硬件","1","(件)"
"14/07/2022","2/2022","M-106","电影制作硬件","1","(件)"
"14/07/2022","2/2022","M-106","迷你光碟播放机","3","(部)"
"14/07/2022","2/2022","M-106","数码相机","2","(部)"
"14/07/2022","2/2022","M-106","数码播放机","1","(部)"
"14/07/2022","2/2022","M-106","数码电视机顶盒","3","(部)"
"14/07/2022","2/2022","M-106","扬声器","1","(对)"
"14/07/2022","2/2022","M-106","装订机","1","(部)"
"14/07/2022","2/2022","M-106","空气清新机","2","(部)"
"14/07/2022","2/2022","M-106","传真机","1","(部)"
"14/07/2022","2/2022","M-106","传真机","1","(部)"
"14/07/2022","2/2022","M-106","碎纸机","1","(部)"
"14/07/2022","2/2022","M-106","传真机","1","(部)"
"14/07/2022","2/2022","M-107","电子磅","1","(个)"
"14/07/2022","2/2022","M-107","电子磅","1","(个)"
"14/07/2022","2/2022","M-107","电子磅","2","(个)"
"14/07/2022","2/2022","M-107","电子磅","1","(个)"
"14/07/2022","2/2022","M-107","电子磅","1","(个)"
"14/07/2022","2/2022","M-107","电子磅","1","(个)"
"14/07/2022","2/2022","M-107","离心机","1","(个)"
"14/07/2022","2/2022","M-107","投影机 (已拆下)","1","(部)"
"14/07/2022","2/2022","M-107","双声道扬声器","4","(套)"
"14/07/2022","2/2022","M-107","双声道扬声器","2","(套)"
"14/07/2022","2/2022","M-107","卡式带机","1","(部)"
"14/07/2022","2/2022","M-107","反馈消除器","1","(部)"
"14/07/2022","2/2022","M-107","混音器","1","(部)"
"14/07/2022","2/2022","M-107","扩音机","2","(个)"
"14/07/2022","2/2022","M-107","扩音机","1","(个)"
"14/07/2022","2/2022","M-107","转换盒","1","(个)"
"14/07/2022","2/2022","M-107","大堂客排椅","1","(套)"
"14/07/2022","2/2022","M-107","球车","2","(部)"
"14/07/2022","2/2022","M-107","相机连后备电","1","(套)"
"14/07/2022","2/2022","M-107","碎纸机","2","(部)"
"14/07/2022","2/2022","M-107","饮水机","2","(部)"
"14/07/2022","2/2022","M-107","录像机","1","(部)"
"14/07/2022","2/2022","M-107","直立式红外线人体<U+6E29>测仪","1","(部)"
"14/07/2022","2/2022","M-107","四桶钢柜","1","(个)"
"14/07/2022","2/2022","M-107","电子磅","1","(个)"
"14/07/2022","2/2022","M-108","谱架","17","(件)"
"14/07/2022","2/2022","M-108","大提琴","2","(个)"
"14/07/2022","2/2022","M-108","大提琴","3","(个)"
"14/07/2022","2/2022","M-108","中提琴连肩托","3","(个)"
"14/07/2022","2/2022","M-108","双簧管","1","(个)"
"14/07/2022","2/2022","M-108","中提琴","1","(个)"
"14/07/2022","2/2022","M-108","中提琴","1","(个)"
"14/07/2022","2/2022","M-109","钢琴连琴椅","1","(套)"
"14/07/2022","2/2022","M-110","地板抛光机","1","(部)"
"14/07/2022","2/2022","M-110","电动钉书机","2","(个)"
"14/07/2022","2/2022","M-110","微波炉","1","(部)"
"14/07/2022","2/2022","M-110","传真机","1","(部)"
"14/07/2022","2/2022","M-110","碎纸机","1","(部)"
"14/07/2022","2/2022","M-110","干燥棚","1","(个)"
"14/07/2022","2/2022","M-110","版画机","1","(部)"
"14/07/2022","2/2022","M-110","缝纫机","2","(部)"
"14/07/2022","2/2022","M-110","电视柜","1","(个)"
"14/07/2022","2/2022","M-110","录影机","2","(部)"
"14/07/2022","2/2022","M-110","录影机","2","(部)"
"14/07/2022","2/2022","M-110","录影机","1","(部)"
"14/07/2022","2/2022","M-110","录影机","1","(部)"
"14/07/2022","2/2022","M-110","光碟/磁带录音机","1","(部)"
"14/07/2022","2/2022","M-110","相机","1","(部)"
"14/07/2022","2/2022","M-110","相机","1","(部)"
"14/07/2022","2/2022","M-110","相机","1","(部)"
"14/07/2022","2/2022","M-110","相机","1","(部)"
"14/07/2022","2/2022","M-110","数码相机","2","(部)"
"14/07/2022","2/2022","M-110","闪光灯","1","(个)"
"14/07/2022","2/2022","M-110","数码相机","1","(部)"
"14/07/2022","2/2022","M-110","电子灭蚊灯","14","(部)"
"14/07/2022","2/2022","M-110","过胶机","1","(部)"
"14/07/2022","2/2022","M-110","柜 (钢)","1","(个)"
"14/07/2022","2/2022","M-110","三速吹风机","1","(部)"
"14/07/2022","2/2022","M-110","两门柜 (钢)","2","(个)"
"14/07/2022","2/2022","M-110","液晶投影机 (已拆下)","18","(部)"
"14/07/2022","2/2022","M-110","液晶投影机 (已拆下)","4","(部)"
"14/07/2022","2/2022","M-110","液晶投影机 (已拆下)","5","(部)"
"14/07/2022","2/2022","M-110","防火墙硬件","1","(部)"
"14/07/2022","2/2022","M-110","无线网路卡","5","(件)"
"14/07/2022","2/2022","M-111","便<U+64D5>式高影机","1","(部)"
"14/07/2022","2/2022","M-111","混音扩音器","1","(个)"
"14/07/2022","2/2022","M-111","扬声器","2","(个)"
"14/07/2022","2/2022","M-111","混音扩音器","1","(个)"
"14/07/2022","2/2022","M-111","磁带录音机","1","(部)"
"14/07/2022","2/2022","M-111","光碟播放机","1","(部)"
"14/07/2022","2/2022","M-111","实物投影机 (已拆下)","1","(部)"
"14/07/2022","2/2022","M-111","实物投影机 (已拆下)","1","(部)"
"14/07/2022","2/2022","M-111","手提摄录机","1","(部)"
"14/07/2022","2/2022","M-111","光碟播放机","2","(部)"
"14/07/2022","2/2022","M-111","光碟播放机","2","(部)"
"14/07/2022","2/2022","M-111","卡拉OK扩音器","1","(部)"
"14/07/2022","2/2022","M-111","混音扩音器","1","(个)"
"14/07/2022","2/2022","M-111","液晶投影机 (已拆下)","1","(部)"
"14/07/2022","2/2022","M-111","扬声器","2","(个)"
"14/07/2022","2/2022","M-111","影音播放器","1","(部)"
"14/07/2022","2/2022","M-111","无线麦克风接收器","1","(部)"
"14/07/2022","2/2022","M-111","无线麦克风接收器","1","(部)"
"14/07/2022","2/2022","M-111","液晶投影机 (已拆下)","1","(部)"
"14/07/2022","2/2022","M-111","无线麦克风","1","(个)"
"14/07/2022","2/2022","M-111","扬声器及无线麦克风","1","(套)"
"14/07/2022","2/2022","M-111","调音台","1","(部)"
"14/07/2022","2/2022","M-111","磁带录音机","1","(部)"
"14/07/2022","2/2022","M-111","磁带录音机","1","(部)"
"14/07/2022","2/2022","M-111","便<U+64D5>式磁带录音机","1","(部)"
"14/07/2022","2/2022","M-111","光碟/磁带录音机","5","(部)"
"14/07/2022","2/2022","M-111","磁带收音录音机","1","(部)"
"14/07/2022","2/2022","M-111","电脑台 (钢)","3","(张)"
"14/07/2022","2/2022","M-111","电脑柜 (钢)","3","(个)"
"14/07/2022","2/2022","M-111","台 (钢)","2","(张)"
"14/07/2022","2/2022","M-111","台 (钢)","2","(张)"
"14/07/2022","2/2022","M-111","不锈钢告示牌","2","(个)"
"14/07/2022","2/2022","M-112","烧碟机","1","(部)"
"14/07/2022","2/2022","M-112","数码相机","1","(部)"
"14/07/2022","2/2022","M-112","光碟播放机","1","(部)"
"14/07/2022","2/2022","M-112","无线扩音机/接收器","1","(部)"
"14/07/2022","2/2022","M-112","无线麦克风","4","(个)"
"14/07/2022","2/2022","M-112","幻灯片投影机 (已拆下)","1","(部)"
"14/07/2022","2/2022","M-112","幻灯片投影机托盘","1","(件)"
"14/07/2022","2/2022","M-112","相机","1","(部)"
"14/07/2022","2/2022","M-112","便<U+64D5>式高影机","1","(部)"
"14/07/2022","2/2022","M-112","雷射光笔","1","(件)"
"14/07/2022","2/2022","M-112","随身听","1","(部)"
"14/07/2022","2/2022","M-112","随身听","4","(部)"
"14/07/2022","2/2022","M-112","数码手提摄录机","1","(部)"
"14/07/2022","2/2022","M-112","录音笔","4","(件)"
"14/07/2022","2/2022","M-112","烧碟机","1","(部)"
"14/07/2022","2/2022","M-112","数码摄录机","1","(部)"
"14/07/2022","2/2022","M-112","数码录音机","1","(部)"
"14/07/2022","2/2022","M-112","数码摄影机","1","(部)"
"14/07/2022","2/2022","M-113","手提电话","18","(部)"
"14/07/2022","2/2022","M-114","低音提琴盒","10","(个)"
"14/07/2022","2/2022","M-114","合唱团台阶","6","(台)"
"14/07/2022","2/2022","M-115","伺服器机柜","8","(个)"
"14/07/2022","2/2022","M-115","伺服器机柜","1","(个)"
"14/07/2022","2/2022","M-116","电表箱连配件","5","(部)"
"14/07/2022","2/2022","M-116","调压器","2","(部)"
"14/07/2022","2/2022","M-117","冷热水机","1","(部)"
"14/07/2022","2/2022","M-117","微波炉","1","(部)"
"14/07/2022","2/2022","M-117","气体探测器","1","(部)"
"14/07/2022","2/2022","M-118","邮资机","1","(部)"
"14/07/2022","2/2022","M-118","数码相机","1","(部)"
"14/07/2022","2/2022","M-118","影印机","1","(部)"
"14/07/2022","2/2022","M-119","焊接头盔","3","(个)"
"14/07/2022","2/2022","M-119","直流电焊机","1","(套)"
"14/07/2022","2/2022","M-119","精准磨镙条机","1","(部)"
"14/07/2022","2/2022","M-119","四爪单动卡盘","1","(部)"
"14/07/2022","2/2022","M-119","电动砂带机","1","(部)"
"14/07/2022","2/2022","M-119","手提电锯","1","(部)"
"14/07/2022","2/2022","M-119","电木铇连配件","1","(部)"
"14/07/2022","2/2022","M-119","凉风机","2","(部)"
"14/07/2022","2/2022","M-119","摇臂钻床","1","(部)"
"14/07/2022","2/2022","M-119","车床连配件","1","(部)"
"14/07/2022","2/2022","M-119","铇床","1","(部)"
"14/07/2022","2/2022","M-119","空气压缩机","1","(部)"
"14/07/2022","2/2022","M-120","质谱仪","1","(部)"
"14/07/2022","2/2022","M-120","培养箱","1","(部)"
"14/07/2022","2/2022","M-120","冷却培养箱","1","(部)"
"14/07/2022","2/2022","M-120","培养箱","1","(部)"
"14/07/2022","2/2022","M-120","去离子水系统","1","(套)"
"14/07/2022","2/2022","M-120","离心机","1","(部)"
"14/07/2022","2/2022","M-120","电子防潮箱","1","(台)"
"14/07/2022","2/2022","M-120","微波炉","1","(部)"
"14/07/2022","2/2022","M-120","净水机系统","1","(部)"
"14/07/2022","2/2022","M-120","马弗熔炉","1","(部)"
"14/07/2022","2/2022","M-120","浊度计","2","(部)"
"14/07/2022","2/2022","M-120","电子加热盘 (30厘米 x 30厘米)","3","(部)"
"14/07/2022","2/2022","M-120","离子及酸碱度计","9","(部)"
"14/07/2022","2/2022","M-120","酸碱度计","2","(部)"
"14/07/2022","2/2022","M-120","电子磅玻璃罩","1","(个)"
"14/07/2022","2/2022","M-120","电子磅","1","(个)"
"14/07/2022","2/2022","M-121","转换器","1","(个)"
"14/07/2022","2/2022","M-121","集线器","2","(个)"
"14/07/2022","2/2022","M-121","视频调谐器","1","(个)"
"14/07/2022","2/2022","M-121","显示卡","1","(张)"
"14/07/2022","2/2022","M-121","数码相机","1","(部)"
"14/07/2022","2/2022","M-121","外置硬盘 (已消磁)","1","(个)"
"14/07/2022","2/2022","M-121","记忆体","1","(个)"
"14/07/2022","2/2022","M-121","硬盘 (已消磁)","1","(个)"
"14/07/2022","2/2022","M-121","伺服器","1","(个)"
"14/07/2022","2/2022","M-122","汽车引擎","15","(个)"
"14/07/2022","2/2022","M-123","对讲机","8","(部)"
"14/07/2022","2/2022","M-124","过期墨盒","9","(个)"
"14/07/2022","2/2022","M-124","过期墨盒","18","(个)"
"14/07/2022","2/2022","M-124","过期墨盒","18","(个)"
"14/07/2022","2/2022","M-124","过期墨盒","13","(个)"
"14/07/2022","2/2022","M-125","卡式录影机","1","(部)"
"14/07/2022","2/2022","M-125","光碟播放机","1","(部)"
"14/07/2022","2/2022","M-125","数码相机","1","(部)"
"14/07/2022","2/2022","M-125","数码相机","1","(部)"
"14/07/2022","2/2022","M-125","数码相机","1","(部)"
"14/07/2022","2/2022","M-126","录影机","1","(部)"
"14/07/2022","2/2022","M-126","录影机","1","(部)"
"14/07/2022","2/2022","M-126","收音录音机","1","(部)"
"14/07/2022","2/2022","M-126","收音录音机","1","(部)"
"14/07/2022","2/2022","M-126","挂墙风扇","1","(部)"
"14/07/2022","2/2022","M-126","座<U+67B1>风扇","1","(部)"
"14/07/2022","2/2022","M-126","传真机","1","(部)"
"14/07/2022","2/2022","M-126","传真机","1","(部)"
"14/07/2022","2/2022","M-126","电话系统","1","(套)"
"14/07/2022","2/2022","M-127","过期碳粉匣","5","(个)"
"14/07/2022","2/2022","M-127","过期碳粉匣","2","(个)"
"14/07/2022","2/2022","M-128","24吋爬山单车","9","(辆)"
"14/07/2022","2/2022","M-128","20吋爬山单车","4","(辆)"
"14/07/2022","2/2022","M-128","24吋爬山单车","9","(辆)"
"14/07/2022","2/2022","M-128","20吋爬山单车","4","(辆)"
"14/07/2022","2/2022","M-128","24吋爬山单车","6","(辆)"
"14/07/2022","2/2022","M-128","20吋爬山单车","39","(辆)"
"14/07/2022","2/2022","M-128","24吋爬山单车","72","(辆)"
"14/07/2022","2/2022","M-128","24吋爬山单车","84","(辆)"
"14/07/2022","2/2022","M-129","冷风机","1","(部)"
"14/07/2022","2/2022","M-129","冷风机","1","(部)"
"14/07/2022","2/2022","M-129","空气清新机","2","(部)"
"14/07/2022","2/2022","M-129","空气清新机","1","(部)"
"14/07/2022","2/2022","M-130","钢图则四桶柜","5","(个)"
"14/07/2022","2/2022","M-130","经纬仪","1","(部)"
"14/07/2022","2/2022","M-130","数码相机","2","(部)"
"14/07/2022","2/2022","M-130","数码相机","8","(部)"
"14/07/2022","2/2022","M-131","数码相机","1","(部)"
"14/07/2022","2/2022","M-132","手提扩音机","1","(部)"
"14/07/2022","2/2022","M-132","碎纸机","1","(部)"
"14/07/2022","2/2022","M-132","音响组合","1","(套)"
"14/07/2022","2/2022","M-132","空气净化器","1","(部)"
"14/07/2022","2/2022","M-132","办公<U+67B1> (木制)","4","(张)"
"14/07/2022","2/2022","M-132","办公<U+67B1> (木制)","1","(张)"
"14/07/2022","2/2022","M-132","柜 (木制)","1","(个)"
"14/07/2022","2/2022","M-133","灭火训练用货柜 (已损坏)","2","(个)"
"14/07/2022","2/2022","M-134","泵车(有匙)及配件","1","(辆)"
"14/07/2022","2/2022","M-135","抢修车 (有匙)","1","(辆)"
"14/07/2022","2/2022","M-135","后备轮胎","1","(条)"
"14/07/2022","2/2022","M-136","泵车(有匙)及配件","1","(辆)"
"14/07/2022","2/2022","M-137","空碳粉匣","11","(个)"
"14/07/2022","2/2022","M-137","空碳粉匣","4","(个)"
"14/07/2022","2/2022","M-137","空碳粉匣","2","(个)"
"14/07/2022","2/2022","M-137","空碳粉匣","4","(个)"
"14/07/2022","2/2022","M-137","空碳粉匣","3","(个)"
"14/07/2022","2/2022","M-137","空碳粉匣","2","(个)"
"14/07/2022","2/2022","M-137","空碳粉匣","2","(个)"
"14/07/2022","2/2022","M-137","空碳粉匣","2","(个)"
"14/07/2022","2/2022","M-137","空碳粉匣","27","(个)"
"14/07/2022","2/2022","M-137","空碳粉匣","24","(个)"
"14/07/2022","2/2022","M-137","空碳粉匣","48","(个)"
"14/07/2022","2/2022","M-137","空碳粉匣","2","(个)"
"14/07/2022","2/2022","M-137","空碳粉匣","2","(个)"
"14/07/2022","2/2022","M-137","空碳粉匣","3","(个)"
"14/07/2022","2/2022","M-137","空碳粉匣","19","(个)"
"14/07/2022","2/2022","M-137","空碳粉匣","12","(个)"
"14/07/2022","2/2022","M-137","空碳粉匣","12","(个)"
"14/07/2022","2/2022","M-137","空碳粉匣","11","(个)"
"14/07/2022","2/2022","M-137","空碳粉匣","4","(个)"
"14/07/2022","2/2022","M-137","空碳粉匣","2","(个)"
"14/07/2022","2/2022","M-137","空碳粉匣","3","(个)"
"14/07/2022","2/2022","M-137","空碳粉匣","3","(个)"
"14/07/2022","2/2022","M-137","空碳粉匣","2","(个)"
"14/07/2022","2/2022","M-137","空碳粉匣","2","(个)"
"14/07/2022","2/2022","M-137","空碳粉匣","1","(个)"
"14/07/2022","2/2022","M-137","空碳粉匣","1","(个)"
"14/07/2022","2/2022","M-137","空碳粉匣","1","(个)"
"14/07/2022","2/2022","M-137","空碳粉匣","1","(个)"
"14/07/2022","2/2022","M-137","空碳粉匣","1","(个)"
"14/07/2022","2/2022","M-137","空碳粉匣","1","(个)"
"14/07/2022","2/2022","M-137","空碳粉匣","1","(个)"
"14/07/2022","2/2022","M-137","空碳粉匣","2","(个)"
"14/07/2022","2/2022","M-137","空碳粉匣","1","(个)"
"14/07/2022","2/2022","M-137","空碳粉匣","1","(个)"
"14/07/2022","2/2022","M-138","雷达连显示器","1","(部)"
"14/07/2022","2/2022","M-139","雷达连显示器","1","(部)"
"14/07/2022","2/2022","M-140","小型喷射快艇 (无匙)","1","(艘)"
"14/07/2022","2/2022","M-140","小型喷射快艇 (无匙)","1","(艘)"
"14/07/2022","2/2022","M-140","小型喷射快艇 (无匙)","1","(艘)"
"14/07/2022","2/2022","M-140","舷内发动机","3","(部)"
"14/07/2022","2/2022","M-140","车架","3","(个)"
"14/07/2022","2/2022","M-141","玻璃纤维制充气橡皮艇 (无匙)","1","(艘)"
"14/07/2022","2/2022","M-141","拉索","1","(件)"
"14/07/2022","2/2022","M-141","小型绳梯","1","(件)"
"14/07/2022","2/2022","M-141","海锚连绳","1","(套)"
"14/07/2022","2/2022","M-141","维修工具","1","(套)"
"14/07/2022","2/2022","M-141","救生环连绳","1","(套)"
"14/07/2022","2/2022","M-141","手提射灯","1","(件)"
"14/07/2022","2/2022","M-141","罗盘","1","(件)"
"14/07/2022","2/2022","M-141","气压计","1","(个)"
"14/07/2022","2/2022","M-141","空电油桶","3","(桶)"
"14/07/2022","2/2022","M-141","舷外发动机 (90匹)","1","(部)"
"14/07/2022","2/2022","M-141","遮挡套","1","(件)"
"14/07/2022","2/2022","M-141","备用螺旋桨","1","(部)"
"14/07/2022","2/2022","M-141","电压表","1","(件)"
"14/07/2022","2/2022","M-141","操控台连方向盘","1","(套)"
"14/07/2022","2/2022","M-141","手动气鼓","1","(个)"
"14/07/2022","2/2022","M-141","可移除杆连航行灯","2","(件)"
"14/07/2022","2/2022","M-141","护舷垫","4","(个)"
"14/07/2022","2/2022","M-142","空碳粉匣","2","(个)"
"14/07/2022","2/2022","M-142","空碳粉匣","2","(个)"
"14/07/2022","2/2022","M-142","空碳粉匣","1","(个)"
"14/07/2022","2/2022","M-142","空碳粉匣","2","(个)"
"14/07/2022","2/2022","M-142","空碳粉匣","1","(个)"
"14/07/2022","2/2022","M-142","空碳粉匣","1","(个)"
"14/07/2022","2/2022","M-142","空碳粉匣","1","(个)"
"14/07/2022","2/2022","M-142","空碳粉匣","2","(个)"
"14/07/2022","2/2022","M-142","空碳粉匣","2","(个)"
"14/07/2022","2/2022","M-142","空碳粉匣","2","(个)"
"14/07/2022","2/2022","M-142","空碳粉匣","2","(个)"
"14/07/2022","2/2022","M-142","空碳粉匣","2","(个)"
"14/07/2022","2/2022","M-142","空碳粉匣","2","(个)"
"14/07/2022","2/2022","M-142","空碳粉匣","3","(个)"
"14/07/2022","2/2022","M-142","空碳粉匣","2","(个)"
"14/07/2022","2/2022","M-142","空碳粉匣","2","(个)"
"14/07/2022","2/2022","M-142","空碳粉匣","3","(个)"
"14/07/2022","2/2022","M-142","空碳粉匣","3","(个)"
"14/07/2022","2/2022","M-142","空碳粉匣","1","(个)"
"14/07/2022","2/2022","M-142","空碳粉匣","1","(个)"
"14/07/2022","2/2022","M-142","空碳粉匣","1","(个)"
"14/07/2022","2/2022","M-142","空碳粉匣","1","(个)"
"14/07/2022","2/2022","M-142","空碳粉匣","2","(个)"
"14/07/2022","2/2022","M-142","空碳粉匣","1","(个)"
"14/07/2022","2/2022","M-142","空碳粉匣","1","(个)"
"14/07/2022","2/2022","M-142","空碳粉匣","1","(个)"
"14/07/2022","2/2022","M-142","空碳粉匣","2","(个)"
"14/07/2022","2/2022","M-142","空碳粉匣","2","(个)"
"14/07/2022","2/2022","M-142","空碳粉匣","1","(个)"
"14/07/2022","2/2022","M-142","空碳粉匣","1","(个)"
"14/07/2022","2/2022","M-143","过期碳粉匣","3","(个)"
"14/07/2022","2/2022","M-143","过期碳粉匣","3","(个)"
"14/07/2022","2/2022","M-143","过期碳粉匣","1","(个)"
"14/07/2022","2/2022","M-143","过期碳粉匣","3","(个)"
"14/07/2022","2/2022","M-143","过期碳粉匣","3","(个)"
"14/07/2022","2/2022","M-143","过期碳粉匣","1","(个)"
"14/07/2022","2/2022","M-143","过期感光鼓","5","(个)"
"14/07/2022","2/2022","M-143","过期感光鼓","1","(个)"
"14/07/2022","2/2022","M-143","过期感光鼓","2","(个)"
"14/07/2022","2/2022","M-143","过期感光鼓","3","(个)"
"14/07/2022","2/2022","M-143","过期碳粉匣","1","(个)"
"14/07/2022","2/2022","M-143","过期碳粉匣","1","(个)"
"14/07/2022","2/2022","M-143","过期碳粉匣","2","(个)"
"14/07/2022","2/2022","M-143","过期碳粉匣","1","(个)"
"14/07/2022","2/2022","M-143","过期碳粉匣","1","(个)"
"14/07/2022","2/2022","M-143","过期碳粉匣","1","(个)"
"14/07/2022","2/2022","M-143","过期碳粉匣","1","(个)"
"14/07/2022","2/2022","M-143","碳粉收集盒","4","(个)"
"14/07/2022","2/2022","M-144","医疗用雪柜","2","(部)"
"14/07/2022","2/2022","M-144","医疗用雪柜","1","(部)"
"14/07/2022","2/2022","M-144","光学显微镜","2","(部)"
"14/07/2022","2/2022","M-144","研磨器","2","(部)"
"14/07/2022","2/2022","M-144","热循环仪","1","(部)"
"14/07/2022","2/2022","M-144","加热器","1","(部)"
"14/07/2022","2/2022","M-144","筛子","1","(件)"
"14/07/2022","2/2022","M-144","血液分析仪","1","(部)"
"14/07/2022","2/2022","M-144","血液分析仪配件","1","(部)"
"14/07/2022","2/2022","M-144","臭氧制造机","1","(部)"
"14/07/2022","2/2022","M-144","热感打印机","1","(部)"
"14/07/2022","2/2022","M-144","凝胶成像系统","1","(部)"
"14/07/2022","2/2022","M-144","离心机","1","(部)"
"14/07/2022","2/2022","M-144","气化还原电位计","2","(部)"
"14/07/2022","2/2022","M-144","显微镜相机","1","(部)"
"14/07/2022","2/2022","M-144","广角镜","1","(件)"
"14/07/2022","2/2022","M-144","显微镜镜头","1","(件)"
"14/07/2022","2/2022","M-144","显微镜镜头","1","(件)"
"14/07/2022","2/2022","M-144","显微镜镜头","1","(件)"
"14/07/2022","2/2022","M-144","探头延长线","1","(件)"
"14/07/2022","2/2022","M-144","氯探头","1","(件)"
"14/07/2022","2/2022","M-144","探头仪","1","(部)"
"14/07/2022","2/2022","M-144","探头延长线","1","(件)"
"14/07/2022","2/2022","M-144","显微镜","1","(部)"
"14/07/2022","2/2022","M-144","声纳深度计","4","(部)"
"14/07/2022","2/2022","M-144","pH探头","3","(件)"
"14/07/2022","2/2022","M-144","温度/导电探头","1","(件)"
"14/07/2022","2/2022","M-144","溶氧探头","2","(件)"
"14/07/2022","2/2022","M-145","数码相机","1","(部)"
"14/07/2022","2/2022","M-145","数码相机","1","(部)"
"14/07/2022","2/2022","M-145","数码相机","3","(部)"
"14/07/2022","2/2022","M-145","数码相机","3","(部)"
"14/07/2022","2/2022","M-145","数码相机","3","(部)"
"14/07/2022","2/2022","M-145","数码相机","1","(部)"
"14/07/2022","2/2022","M-145","望远镜 (已损坏)","1","(部)"
"14/07/2022","2/2022","M-145","望远镜 (已损坏)","2","(部)"
"14/07/2022","2/2022","M-145","望远镜","2","(部)"
"14/07/2022","2/2022","M-145","定位器","2","(部)"
"14/07/2022","2/2022","M-145","定位器","2","(部)"
"14/07/2022","2/2022","M-145","定位器","2","(部)"
"14/07/2022","2/2022","M-145","定位器","1","(部)"
"14/07/2022","2/2022","M-146","抽风柜","2","(个)"
"14/07/2022","2/2022","M-146","温湿计","1","(个)"
"14/07/2022","2/2022","M-146","气相色谱仪","2","(部)"
"14/07/2022","2/2022","M-146","质谱仪","2","(部)"
"14/07/2022","2/2022","M-146","惰性质量检测器电子零件","1","(部)"
"14/07/2022","2/2022","M-146","自动进样器","1","(部)"
"14/07/2022","2/2022","M-146","自动样本注射器","1","(部)"
"14/07/2022","2/2022","M-146","汞分析仪","1","(部)"
"14/07/2022","2/2022","M-146","泵","1","(个)"
"14/07/2022","2/2022","M-146","记录仪","1","(部)"
"14/07/2022","2/2022","M-146","空气清新机","1","(部)"
"14/07/2022","2/2022","M-146","气体调压器","3","(部)"
"14/07/2022","2/2022","M-146","电热炉","1","(部)"
"14/07/2022","2/2022","M-146","柱后反应器","1","(部)"
"14/07/2022","2/2022","M-146","温度控制器","1","(部)"
"14/07/2022","2/2022","M-146","超音波清洗器","1","(部)"
"14/07/2022","2/2022","M-146","电热炉","1","(部)"
"14/07/2022","2/2022","M-146","循环水浴","1","(个)"
"14/07/2022","2/2022","M-147","8频道混音器连5个辅助接口及4组立体声主控组合","1","(件)"
"14/07/2022","2/2022","M-147","3头配置盒式磁带机连遥控器","4","(件)"
"14/07/2022","2/2022","M-147","扩音箱","5","(件)"
"14/07/2022","2/2022","M-147","即时翻译器材","2","(件)"
"14/07/2022","2/2022","M-147","八频道翻译接收器","60","(件)"
"14/07/2022","2/2022","M-147","音效控制器材","1","(件)"
"14/07/2022","2/2022","M-147","翻译通讯器材","3","(件)"
"14/07/2022","2/2022","M-147","翻译通讯器材","40","(件)"
"14/07/2022","2/2022","M-147","翻译通讯器材","2","(件)"
"14/07/2022","2/2022","M-147","翻译器材界面","1","(件)"
"14/07/2022","2/2022","M-147","麦克风","2","(件)"
"14/07/2022","2/2022","M-147","扩音器","1","(件)"
"14/07/2022","2/2022","M-147","音频产生器","1","(件)"
"14/07/2022","2/2022","M-147","录像相机","1","(件)"
"14/07/2022","2/2022","M-147","实物投影机","1","(件)"
"14/07/2022","2/2022","M-147","录影机","1","(件)"
"14/07/2022","2/2022","M-147","双盒式磁带录音机","2","(件)"
"14/07/2022","2/2022","M-147","双盒式磁带录音机","2","(件)"
"14/07/2022","2/2022","M-147","双盒式磁带扬声器","1","(件)"
"14/07/2022","2/2022","M-148","传真机","1","(部)"
"14/07/2022","2/2022","M-148","传真机","1","(部)"
"14/07/2022","2/2022","M-148","传真机","1","(部)"
"14/07/2022","2/2022","M-149","手提电话","4","(部)"
"14/07/2022","2/2022","M-149","手提电话","1","(部)"
"14/07/2022","2/2022","M-150","影碟播放机","2","(部)"
"14/07/2022","2/2022","M-150","无线麦克风","1","(个)"
"14/07/2022","2/2022","M-150","不锈钢笼车","2","(部)"
"14/07/2022","2/2022","M-150","网路交换器","1","(部)"
"14/07/2022","2/2022","M-150","四桶钢柜","1","(个)"
"14/07/2022","2/2022","M-150","卡式录音机","2","(部)"
"14/07/2022","2/2022","M-150","数码投影机 (已拆下)","1","(部)"
"14/07/2022","2/2022","M-150","实物投影机 (已拆下)","3","(部)"
"14/07/2022","2/2022","M-151","低音提琴","2","(个)"
"14/07/2022","2/2022","M-151","大提琴","1","(个)"
"14/07/2022","2/2022","M-151","低音鼓","1","(个)"
"14/07/2022","2/2022","M-151","板胡","1","(个)"
"14/07/2022","2/2022","M-151","大提琴","2","(个)"
"14/07/2022","2/2022","M-151","36音笙","1","(个)"
"14/07/2022","2/2022","M-151","北京中阮","2","(个)"
"14/07/2022","2/2022","M-152","高影机 (已拆下)","3","(部)"
"14/07/2022","2/2022","M-152","高影机 (已拆下)","13","(部)"
"14/07/2022","2/2022","M-152","高影机 (已拆下)","8","(部)"
"14/07/2022","2/2022","M-152","平衡木","1","(个)"
"14/07/2022","2/2022","M-152","矮平衡木","1","(个)"
"14/07/2022","2/2022","M-152","双杠","1","(个)"
"14/07/2022","2/2022","M-152","光碟复制机","1","(部)"
"14/07/2022","2/2022","M-152","高影机 (已拆下)","1","(部)"
"14/07/2022","2/2022","M-152","液晶投影机 (已拆下)","1","(部)"
"14/07/2022","2/2022","M-152","数位投影机 (已拆下)","1","(部)"
"14/07/2022","2/2022","M-152","液晶投影机 (已拆下)","3","(部)"
"14/07/2022","2/2022","M-152","液晶投影机 (已拆下)","6","(部)"
"14/07/2022","2/2022","M-152","液晶投影机 (已拆下)","3","(部)"
"14/07/2022","2/2022","M-152","液晶投影机 (已拆下)","4","(部)"
"14/07/2022","2/2022","M-152","垂直安全地垫车","2","(部)"
"14/07/2022","2/2022","M-152","电子计分牌","1","(个)"
"14/07/2022","2/2022","M-152","带滑轮系统排球柱","1","(套)"
"14/07/2022","2/2022","M-152","人体磅","1","(个)"
"14/07/2022","2/2022","M-152","绘图切割机","1","(部)"
"14/07/2022","2/2022","M-152","安培计","5","(个)"
"14/07/2022","2/2022","M-152","讯号产生器","1","(个)"
"14/07/2022","2/2022","M-152","示波器","1","(个)"
"14/07/2022","2/2022","M-152","卡片打印机","1","(部)"
"14/07/2022","2/2022","M-152","乒乓球台","2","(张)"
"14/07/2022","2/2022","M-152","液晶投影机 (已拆下)","1","(部)"
"14/07/2022","2/2022","M-152","数位光处理投影机 (已拆下)","1","(部)"
"14/07/2022","2/2022","M-152","投影机连配件","1","(部)"
"14/07/2022","2/2022","M-152","摄录机","2","(部)"
"14/07/2022","2/2022","M-152","摄录机","1","(部)"
"14/07/2022","2/2022","M-152","摄录机","1","(部)"
"14/07/2022","2/2022","M-152","摄录机","1","(部)"
"14/07/2022","2/2022","M-152","光碟播放机","1","(部)"
"14/07/2022","2/2022","M-152","摄录机","1","(部)"
"14/07/2022","2/2022","M-152","摄录机","1","(部)"
"14/07/2022","2/2022","M-152","电泵","1","(部)"
"14/07/2022","2/2022","M-152","光碟音响组合","1","(部)"
"14/07/2022","2/2022","M-152","装订机","1","(部)"
"14/07/2022","2/2022","M-152","混音器","1","(部)"
"14/07/2022","2/2022","M-152","红外线无线麦克风","2","(个)"
"14/07/2022","2/2022","M-152","混音前置扩音器","1","(部)"
"14/07/2022","2/2022","M-152","液晶投影机 (已拆下)","1","(部)"
"14/07/2022","2/2022","M-152","液晶投影机 (已拆下)","1","(部)"
"14/07/2022","2/2022","M-153","二路扬声器","2","(个)"
"14/07/2022","2/2022","M-153","襟章机","1","(部)"
"14/07/2022","2/2022","M-153","低音木琴","1","(个)"
"14/07/2022","2/2022","M-153","大提琴黑木指板","1","(个)"
"14/07/2022","2/2022","M-153","邦哥鼓","1","(个)"
"14/07/2022","2/2022","M-153","传真机","1","(部)"
"14/07/2022","2/2022","M-153","光碟播放机","1","(部)"
"14/07/2022","2/2022","M-153","录影机","1","(部)"
"14/07/2022","2/2022","M-153","数码相机","1","(部)"
"14/07/2022","2/2022","M-153","对讲机","2","(部)"
"14/07/2022","2/2022","M-153","数码相机","1","(部)"
"14/07/2022","2/2022","M-153","液晶显示器连装配架 (已拆下)","1","(套)"
"14/07/2022","2/2022","M-154","实物投影机 (已拆下)","1","(部)"
"14/07/2022","2/2022","M-154","数码相机","1","(部)"
"14/07/2022","2/2022","M-154","无线麦克风系统","3","(套)"
"14/07/2022","2/2022","M-154","投影机 (已拆下)","2","(部)"
"14/07/2022","2/2022","M-154","防火墙","1","(部)"
"14/07/2022","2/2022","M-154","液晶投影机 (已拆下)","1","(部)"
"14/07/2022","2/2022","M-154","相机","1","(部)"
"14/07/2022","2/2022","M-154","相机","1","(部)"
"14/07/2022","2/2022","M-154","相机","1","(部)"
"14/07/2022","2/2022","M-154","相机","1","(部)"
"14/07/2022","2/2022","M-154","投影机 (已拆下)","1","(部)"
"14/07/2022","2/2022","M-154","投影机 (已拆下)","1","(部)"
"14/07/2022","2/2022","M-154","液晶投影机 (已拆下)","1","(部)"
"14/07/2022","2/2022","M-154","投影机 (已拆下)","2","(部)"
"14/07/2022","2/2022","M-154","投影机 (已拆下)","2","(部)"
"14/07/2022","2/2022","M-154","液晶投影机 (已拆下)","1","(部)"
"14/07/2022","2/2022","M-154","数码相机","1","(部)"
"14/07/2022","2/2022","M-154","摄像机","1","(部)"
"14/07/2022","2/2022","M-154","液晶投影机 (已拆下)","1","(部)"
"14/07/2022","2/2022","M-154","数码投影机 (已拆下)","10","(部)"
"14/07/2022","2/2022","M-154","液晶投影机 (已拆下)","1","(部)"
"14/07/2022","2/2022","M-154","液晶投影机 (已拆下)","1","(部)"
"14/07/2022","2/2022","M-154","三脚架","1","(套)"
"14/07/2022","2/2022","M-154","无线扬声器","2","(部)"
"14/07/2022","2/2022","M-154","数码投影机 (已拆下)","6","(部)"
"14/07/2022","2/2022","M-154","数码投影机 (已拆下)","1","(部)"
"14/07/2022","2/2022","M-154","投影机 (已拆下)","2","(部)"
"14/07/2022","2/2022","M-154","磁带自动装卸机","1","(部)"
"14/07/2022","2/2022","M-154","传真机","1","(部)"
"14/07/2022","2/2022","M-154","电暖炉","4","(部)"
"14/07/2022","2/2022","M-154","过胶机","1","(部)"
"14/07/2022","2/2022","M-154","电子琴","1","(部)"
"14/07/2022","2/2022","M-154","电视吊架 (已拆下)","21","(件)"
"14/07/2022","2/2022","M-154","玻璃台","1","(张)"
"14/07/2022","2/2022","M-154","折台","1","(张)"
"14/07/2022","2/2022","M-154","吸水机","1","(部)"
"14/07/2022","2/2022","M-154","乒乓球台","2","(张)"
"14/07/2022","2/2022","M-154","展板","1","(件)"
"14/07/2022","2/2022","M-154","打卡机","1","(部)"
"14/07/2022","2/2022","M-154","抽湿机","1","(部)"
"14/07/2022","2/2022","M-154","吹地机","1","(部)"
"14/07/2022","2/2022","M-155","灭蚊机","2","(部)"
"14/07/2022","2/2022","M-155","可携带式音箱连无线麦克风","1","(部)"
"14/07/2022","2/2022","M-155","可携带式音箱","2","(部)"
"14/07/2022","2/2022","M-155","网络录影机","2","(部)"
"14/07/2022","2/2022","M-155","高解像度日/夜半球型摄像机","11","(部)"
"14/07/2022","2/2022","M-155","数码视像伺服器","1","(部)"
"14/07/2022","2/2022","M-155","制冰机","1","(部)"
"14/07/2022","2/2022","M-155","制冰机","1","(部)"
"14/07/2022","2/2022","M-155","制冰机","1","(部)"
"14/07/2022","2/2022","M-155","剪草车","2","(部)"
"14/07/2022","2/2022","M-155","背囊式除草机","1","(部)"
"14/07/2022","2/2022","M-155","修树剪","1","(部)"
"14/07/2022","2/2022","M-155","背囊式除草机","1","(部)"
"14/07/2022","2/2022","M-156","半自动体外心脏除颤器","1","(部)"
"14/07/2022","2/2022","M-156","手提金属探测器","2","(个)"
"14/07/2022","2/2022","M-156","数码相机","2","(部)"
"14/07/2022","2/2022","M-157","皮鞋<U+629B>光器","1","(部)"
"14/07/2022","2/2022","M-157","数码相机连配件","1","(套)"
"14/07/2022","2/2022","M-157","自动体外心脏去颤器","1","(套)"
"14/07/2022","2/2022","M-157","全彩色屏幕","1","(个)"
"14/07/2022","2/2022","M-157","室<U+5185>显示屏","1","(个)"
"14/07/2022","2/2022","M-158","音视频选择分配器","57","(个)"
"14/07/2022","2/2022","M-158","音视频切换器","8","(个)"
"14/07/2022","2/2022","M-158","音视频切换器","14","(个)"
"14/07/2022","2/2022","M-158","音视频切换器","46","(个)"
"14/07/2022","2/2022","M-158","音视频切换器","1","(个)"
"14/07/2022","2/2022","M-158","分配器","2","(个)"
"14/07/2022","2/2022","M-158","切换器","4","(个)"
"14/07/2022","2/2022","M-158","多路系统分配器","3","(个)"
"14/07/2022","2/2022","M-158","视频电缆","93","(条)"
"14/07/2022","2/2022","M-158","音频电缆","125","(条)"
"14/07/2022","2/2022","M-158","音视频电缆","466","(条)"
"14/07/2022","2/2022","M-158","电视天线电缆","217","(条)"
"14/07/2022","2/2022","M-158","插头","8","(个)"
"14/07/2022","2/2022","M-158","网路线","2","(条)"
"14/07/2022","2/2022","M-158","电视天线分配器","25","(个)"
"14/07/2022","2/2022","M-158","音视频分配器","1","(个)"
"14/07/2022","2/2022","M-158","音视频变压器","2","(个)"
"14/07/2022","2/2022","M-158","交流电源线及连接器","1","(套)"
"14/07/2022","2/2022","M-158","交流电源线及连接器","248","(套)"
"14/07/2022","2/2022","M-158","解码器线","28","(条)"
"14/07/2022","2/2022","M-158","摇控器","41","(个)"
"14/07/2022","2/2022","M-158","录影机  

","1","(部)"
"14/07/2022","2/2022","M-158","录影机  

","2","(部)"
"14/07/2022","2/2022","M-158","录影机  

","2","(部)"
"14/07/2022","2/2022","M-158","录影机  

","1","(部)"
"14/07/2022","2/2022","M-158","录影机  

","2","(部)"
"14/07/2022","2/2022","M-158","录影机  

","1","(部)"
"14/07/2022","2/2022","M-158","录影机  

","1","(部)"
"14/07/2022","2/2022","M-158","录影机  

","1","(部)"
"14/07/2022","2/2022","M-158","录影机  

","2","(部)"
"14/07/2022","2/2022","M-158","立体声收音录音机","1","(部)"
"14/07/2022","2/2022","M-158","立体声收音录音机","1","(部)"
"14/07/2022","2/2022","M-158","立体声收音录音机","1","(部)"
"14/07/2022","2/2022","M-158","立体声收音录音机","1","(部)"
"14/07/2022","2/2022","M-158","光碟播放机","1","(部)"
"14/07/2022","2/2022","M-158","光碟播放机","1","(部)"
"14/07/2022","2/2022","M-158","扩音机","1","(部)"
"14/07/2022","2/2022","M-158","数码声音广播+/FM及

数码电视接收器","4","(个)"
"14/07/2022","2/2022","M-158","影像计时器","3","(个)"
"14/07/2022","2/2022","M-158","光碟录影机","1","(部)"
"14/07/2022","2/2022","M-158","光碟录影机","5","(部)"
"14/07/2022","2/2022","M-158","AM/FM立体声数码调谐器","3","(个)"
"14/07/2022","2/2022","M-158","6插头拖板","27","(个)"
"14/07/2022","2/2022","M-158","1插头拖板","1","(个)"
"14/07/2022","2/2022","M-158","3插头拖板","1","(个)"
"14/07/2022","2/2022","M-158","10插头拖板","2","(个)"
"14/07/2022","2/2022","M-158","3脚万能插苏","6","(个)"
"14/07/2022","2/2022","M-158","4插头拖板","47","(个)"
"14/07/2022","2/2022","M-158","火牛","6","(个)"
"14/07/2022","2/2022","M-158","电视手推车","1","(部)"
"14/07/2022","2/2022","M-159","菲林相机连标准镜头","1","(部)"
"14/07/2022","2/2022","M-159","测光表","1","(个)"
"14/07/2022","2/2022","M-159","F4镜头 (40毫米)","1","(个)"
"14/07/2022","2/2022","M-159","菲林背 (6厘米 x 4.5厘米)","1","(个)"
"14/07/2022","2/2022","M-159","滤光镜片 (62毫米)","1","(个)"
"14/07/2022","2/2022","M-159","闪光灯","1","(个)"
"14/07/2022","2/2022","M-159","相机自动延伸管","1","(条)"
"14/07/2022","2/2022","M-159","格线对焦屏片","1","(个)"
"14/07/2022","2/2022","M-159","滤光镜片 (62毫米)","1","(个)"
"14/07/2022","2/2022","M-159","测光表","1","(个)"
"14/07/2022","2/2022","M-159","相机","1","(部)"
"14/07/2022","2/2022","M-159","云台三脚架","1","(个)"
"14/07/2022","2/2022","M-159","相机手<U+62A6>","1","(个)"
"14/07/2022","2/2022","M-159","相机观景器","1","(个)"
"14/07/2022","2/2022","M-159","自动伸延管","1","(个)"
"14/07/2022","2/2022","M-159","相机底背 (24毫米 x 36毫米)","1","(个)"
"14/07/2022","2/2022","M-159","对焦屏片","1","(个)"
"14/07/2022","2/2022","M-159","闪光灯","2","(个)"
"14/07/2022","2/2022","M-159","镜头","1","(个)"
"14/07/2022","2/2022","M-159","相机","1","(部)"
"14/07/2022","2/2022","M-159","快门线","2","(条)"
"14/07/2022","2/2022","M-159","滤镜片","1","(个)"
"14/07/2022","2/2022","M-159","宝丽来菲林盒","1","(个)"
"14/07/2022","2/2022","M-159","相机机身","1","(个)"
"14/07/2022","2/2022","M-159","闪光灯","1","(个)"
"14/07/2022","2/2022","M-159","镜头","1","(个)"
"14/07/2022","2/2022","M-159","闪光灯","1","(个)"
"14/07/2022","2/2022","M-159","闪光灯","1","(个)"
"14/07/2022","2/2022","M-159","电池盒","1","(个)"
"14/07/2022","2/2022","M-159","闪光灯","1","(个)"
"14/07/2022","2/2022","M-160","空碳粉匣","28","(个)"
"14/07/2022","2/2022","M-160","空碳粉匣","4","(个)"
"14/07/2022","2/2022","M-161","空碳粉匣","29","(个)"
"14/07/2022","2/2022","M-161","空碳粉匣","1","(个)"
"14/07/2022","2/2022","M-161","空碳粉匣","10","(个)"
"14/07/2022","2/2022","M-161","空碳粉匣","15","(个)"
"14/07/2022","2/2022","M-161","空碳粉匣","3","(个)"
"14/07/2022","2/2022","M-161","空碳粉匣","1","(个)"
"14/07/2022","2/2022","M-161","空碳粉匣","1","(个)"
"14/07/2022","2/2022","M-161","空碳粉匣","6","(个)"
"14/07/2022","2/2022","M-161","空碳粉匣","15","(个)"
"14/07/2022","2/2022","M-161","空碳粉匣","7","(个)"
"14/07/2022","2/2022","M-162","空碳粉匣","2","(个)"
"14/07/2022","2/2022","M-162","空碳粉匣","1","(个)"
"14/07/2022","2/2022","M-162","空碳粉匣","1","(个)"
"14/07/2022","2/2022","M-162","空碳粉匣","1","(个)"
"14/07/2022","2/2022","M-162","空碳粉匣","1","(个)"
"14/07/2022","2/2022","M-162","已用感光鼓","1","(个)"
"14/07/2022","2/2022","M-162","空碳粉匣","1","(个)"
"14/07/2022","2/2022","M-162","空碳粉匣","1","(个)"
"14/07/2022","2/2022","M-162","空碳粉匣","7","(个)"
"14/07/2022","2/2022","M-162","空碳粉匣","7","(个)"
"14/07/2022","2/2022","M-162","空碳粉匣","7","(个)"
"14/07/2022","2/2022","M-162","已用感光鼓","2","(个)"
"14/07/2022","2/2022","M-162","已用感光鼓","2","(个)"
"14/07/2022","2/2022","M-162","已用感光鼓","3","(个)"
"14/07/2022","2/2022","M-162","已用感光鼓","2","(个)"
"14/07/2022","2/2022","M-163","多用途三角打磨切割器","1","(件)"
"14/07/2022","2/2022","M-163","室内天线信号接收器","1","(件)"
"14/07/2022","2/2022","M-163","16路视频编码器","1","(件)"
"14/07/2022","2/2022","M-163","平板天线","4","(件)"
"14/07/2022","2/2022","M-163","碟形天线","2","(件)"
"14/07/2022","2/2022","M-163","天线接收器","1","(件)"
"14/07/2022","2/2022","M-163","视频编解码器","11","(部)"
"14/07/2022","2/2022","M-164","固定蜂窝终端","1","(件)"
"14/07/2022","2/2022","M-164","伸缩天线","1","(件)"
"14/07/2022","2/2022","M-164","室外天线","1","(件)"
"14/07/2022","2/2022","M-164","封装开关电源","2","(件)"
"14/07/2022","2/2022","M-164","电源供应器","1","(件)"
"14/07/2022","2/2022","M-164","双轨直流电源供应器","1","(件)"
"14/07/2022","2/2022","M-164","数据连接器","1","(件)"
"14/07/2022","2/2022","M-164","功率放大器扬声器","1","(套)"
"14/07/2022","2/2022","M-164","无线音频系统","1","(套)"
"14/07/2022","2/2022","M-165","手提电话","4","(部)"
"14/07/2022","2/2022","M-166","数码相机","8","(部)"
"14/07/2022","2/2022","M-166","电动钉书机","1","(部)"
"14/07/2022","2/2022","M-166","手提电话","8","(部)"
"14/07/2022","2/2022","M-166","手提电话","1","(部)"
"14/07/2022","2/2022","M-166","手提电话","2","(部)"
"14/07/2022","2/2022","M-166","手提电话","1","(部)"
"14/07/2022","2/2022","M-167","无线对讲机","4","(个)"
"14/07/2022","2/2022","M-167","手提电话","1","(部)"
"14/07/2022","2/2022","M-167","手提电话","1","(部)"
"14/07/2022","2/2022","M-167","手提电话","1","(部)"
"14/07/2022","2/2022","M-168","手提电话","8","(部)"
"14/07/2022","2/2022","M-169","碎纸机","1","(部)"
"14/07/2022","2/2022","M-169","碎纸机","2","(部)"
"14/07/2022","2/2022","M-170","数码摄像机","1","(部)"
"14/07/2022","2/2022","M-170","条码扫描器底座","1","(个)"
"14/07/2022","2/2022","M-170","条码扫描器","1","(部)"
"14/07/2022","2/2022","M-170","手写板","6","(块)"
"14/07/2022","2/2022","M-170","电子密蜡加热器","1","(部)"
"14/07/2022","2/2022","M-170","茶炊","1","(个)"
"14/07/2022","2/2022","M-170","录音机","1","(部)"
"14/07/2022","2/2022","M-170","电动打字机","1","(部)"
"14/07/2022","2/2022","M-170","卡式录像机","1","(部)"
"14/07/2022","2/2022","M-170","条码扫描器","1","(部)"
"14/07/2022","2/2022","M-171","充电池","1","(个)"
"14/07/2022","2/2022","M-171","充电池","2","(个)"
"14/07/2022","2/2022","M-171","充电池","2","(个)"
"14/07/2022","2/2022","M-171","充电池","1","(个)"
"14/07/2022","2/2022","M-171","充电池","2","(个)"
"14/07/2022","2/2022","M-171","室内无线电话","1","(部)"
"14/07/2022","2/2022","M-171","室内无线电话","1","(部)"
"14/07/2022","2/2022","M-171","外置光碟机","1","(部)"
"14/07/2022","2/2022","M-171","手提电话","1","(部)"
"14/07/2022","2/2022","M-171","手提电话","1","(部)"
"14/07/2022","2/2022","M-171","手提电话","2","(部)"
"14/07/2022","2/2022","M-172","碎纸机","1","(部)"
"14/07/2022","2/2022","M-172","投影机 (已拆下)","1","(部)"
"14/07/2022","2/2022","M-172","电动投影屏幕","1","(件)"
"14/07/2022","2/2022","M-172","混音放大器","1","(部)"
"14/07/2022","2/2022","M-172","数码记录器","1","(部)"
"14/07/2022","2/2022","M-172","数码记录器","1","(部)"
"14/07/2022","2/2022","M-172","数码相机","1","(部)"
"14/07/2022","2/2022","M-172","即影即有相机","2","(部)"
"14/07/2022","2/2022","M-172","即影即有相机","1","(部)"
"14/07/2022","2/2022","M-172","数码相机","1","(部)"
"14/07/2022","2/2022","M-172","数码相机","2","(部)"
"14/07/2022","2/2022","M-172","数码相机","1","(部)"
"14/07/2022","2/2022","M-172","数码相机","1","(部)"
"14/07/2022","2/2022","M-172","数码相机","2","(部)"
"14/07/2022","2/2022","M-172","相机","3","(部)"
"14/07/2022","2/2022","M-172","相机","1","(部)"
"14/07/2022","2/2022","M-172","即影即有相机","3","(部)"
"14/07/2022","2/2022","M-173","轮胎","133","(条)"
"14/07/2022","2/2022","M-174","轮胎","66","(条)"
"14/07/2022","2/2022","M-175","音响组合","3","(部)"
"14/07/2022","2/2022","M-175","影碟播放机","1","(部)"
"14/07/2022","2/2022","M-176","金属制书架","1","(个)"
"14/07/2022","2/2022","M-176","金属制书桌","1","(张)"
"14/07/2022","2/2022","M-176","打印机","1","(部)"
"14/07/2022","2/2022","M-176","彩色打印机","1","(部)"
"14/07/2022","2/2022","M-177","3座位排椅","2","(张)"
"14/07/2022","2/2022","M-177","户外桌连椅","13","(张)"
"14/07/2022","2/2022","M-177","电水煲","1","(个)"
"14/07/2022","2/2022","M-177","不锈钢移动平台","1","(个)"
"14/07/2022","2/2022","M-177","图形计算机","40","(部)"
"14/07/2022","2/2022","M-177","运动传感器","12","(个)"
"14/07/2022","2/2022","M-177","监测套装","2","(套)"
"14/07/2022","2/2022","M-177","复读机","50","(个)"
"14/07/2022","2/2022","M-178","手提电话","1","(部)"
"14/07/2022","2/2022","M-178","手提电话","3","(部)"
"14/07/2022","2/2022","M-178","手提电话","2","(部)"
"14/07/2022","2/2022","M-178","手提电话","5","(部)"
"14/07/2022","2/2022","M-178","手提电话","1","(部)"
"14/07/2022","2/2022","M-178","手提电话","1","(部)"
"14/07/2022","2/2022","M-179","绘图<U+67B1> (超过80公斤)","1","(张)"
"14/07/2022","2/2022","M-179","投影机 (座台式)","1","(部)"
"14/07/2022","2/2022","M-180","手提电话","5","(部)"
"14/07/2022","2/2022","M-180","手提电话","2","(部)"
"14/07/2022","2/2022","M-180","蓝牙掌上电脑","1","(部)"
"14/07/2022","2/2022","M-180","标签打印机","1","(部)"
"14/07/2022","2/2022","M-181","望远镜","10","(个)"
"14/07/2022","2/2022","M-181","即影即有相机","8","(部)"
"14/07/2022","2/2022","M-181","即影即有相机","1","(部)"
"14/07/2022","2/2022","M-182","手提电话","2","(部)"
"14/07/2022","2/2022","M-182","手提电话","1","(部)"
"14/07/2022","2/2022","M-182","手提电话","1","(部)"
"14/07/2022","2/2022","M-182","手提电话","1","(部)"
"14/07/2022","2/2022","M-183","聚合<U+9176>链式反应检测仪","1","(部)"
"14/07/2022","2/2022","M-183","智能循环仪","1","(部)"
"14/07/2022","2/2022","M-183","冷冻切片机","1","(部)"
"14/07/2022","2/2022","M-183","自动染色机","1","(部)"
"14/07/2022","2/2022","M-183","组织处理器","1","(部)"
"14/07/2022","2/2022","M-183","冷冻切片机","1","(部)"
"14/07/2022","2/2022","M-184","铝制名牌","2","(件)"
"14/07/2022","2/2022","M-184","电热水瓶","1","(个)"
"14/07/2022","2/2022","M-184","电蒸炉","1","(个)"
"14/07/2022","2/2022","M-184","电动钻孔机","1","(部)"
"14/07/2022","2/2022","M-184","碎纸机","1","(部)"
"14/07/2022","2/2022","M-184","铝制名牌连架","1","(套)"
"14/07/2022","2/2022","M-184","四桶钢文件柜","2","(个)"
"14/07/2022","2/2022","M-184","电热水瓶","2","(个)"
"14/07/2022","2/2022","M-185","无线耳机","1","(部)"
"14/07/2022","2/2022","M-185","MP3播放器","1","(部)"
"14/07/2022","2/2022","M-185","无线麦克风","1","(支)"
"14/07/2022","2/2022","M-185","电子计算机","10","(部)"
"14/07/2022","2/2022","M-185","打孔机","1","(个)"
"14/07/2022","2/2022","M-185","重型钉书机","1","(个)"
"14/07/2022","2/2022","M-186","卷门钢柜","8","(个)"
"14/07/2022","2/2022","M-186","灭蚊灯","6","(个)"
"14/07/2022","2/2022","M-187","管风琴连2个扬声器","1","(部)"
"14/07/2022","2/2022","M-188","千斤顶","1","(件)"
"14/07/2022","2/2022","M-188","千斤顶","1","(件)"
"14/07/2022","2/2022","M-189","携带式变流器发电机","1","(部)"
"14/07/2022","2/2022","M-189","测水位机 (50米)","6","(部)"
"14/07/2022","2/2022","M-189","测水位机","1","(部)"
"14/07/2022","2/2022","M-189","测斜仪 (0.6米)","2","(件)"
"14/07/2022","2/2022","M-189","倾斜仪","1","(盒)"
"14/07/2022","2/2022","M-189","木脚架","8","(个)"
"14/07/2022","2/2022","M-189","三头棱镜板","2","(个)"
"14/07/2022","2/2022","M-189","棱镜","27","(个)"
"14/07/2022","2/2022","M-189","全站仪接驳头","1","(个)"
"14/07/2022","2/2022","M-189","测量三角底座","4","(个)"
"14/07/2022","2/2022","M-189","测量三角底座","6","(个)"
"14/07/2022","2/2022","M-189","底座接合头","9","(个)"
"14/07/2022","2/2022","M-189","套装小型棱镜","1","(个)"
"14/07/2022","2/2022","M-189","棱镜支托物","1","(个)"
"14/07/2022","2/2022","M-189","单棱镜支托物","6","(个)"
"14/07/2022","2/2022","M-189","双棱镜支托物","4","(个)"
"14/07/2022","2/2022","M-189","反射头杆 (1.3米)","3","(支)"
"14/07/2022","2/2022","M-189","标杆","1","(支)"
"14/07/2022","2/2022","M-189","望尺灯","2","(盏)"
"14/07/2022","2/2022","M-189","测量标示路牌","3","(件)"
"14/07/2022","2/2022","M-189","指南针","2","(个)"
"14/07/2022","2/2022","M-189","温度计连金属外壳","1","(个)"
"14/07/2022","2/2022","M-189","测量三角底座","6","(个)"
"14/07/2022","2/2022","M-189","木脚架","15","(个)"
"14/07/2022","2/2022","M-189","铝脚架","1","(个)"
"14/07/2022","2/2022","M-189","反射头杆 (1.3米)","35","(支)"
"14/07/2022","2/2022","M-189","延长杆 (1.0米)","4","(支)"
"14/07/2022","2/2022","M-189","条码望尺 (4.0米)","6","(支)"
"14/07/2022","2/2022","M-189","望尺 (5.0米)","24","(支)"
"14/07/2022","2/2022","M-189","望尺座","2","(件)"
"14/07/2022","2/2022","M-189","反射头延长杆 (1.0米)","2","(支)"
"14/07/2022","2/2022","M-189","反射头杆脚架","3","(条)"
"14/07/2022","2/2022","M-189","标杆 (1.5米)","19","(支)"
"14/07/2022","2/2022","M-189","树剪","1","(支)"
"14/07/2022","2/2022","M-189","斧头","4","(把)"
"14/07/2022","2/2022","M-189","铁铲","2","(个)"
"14/07/2022","2/2022","M-189","开山刀","4","(把)"
"14/07/2022","2/2022","M-189","锄头","1","(把)"
"14/07/2022","2/2022","M-189","卷尺 (50米)","7","(把)"
"14/07/2022","2/2022","M-189","钢尺 (100 米)","5","(把)"
"14/07/2022","2/2022","M-189","自动读数仪","2","(部)"
"14/07/2022","2/2022","M-189","测斜机 (1.7米)","1","(部)"
"14/07/2022","2/2022","M-189","充电机","3","(部)"
"14/07/2022","2/2022","M-189","充电机","1","(部)"
"14/07/2022","2/2022","M-189","充电插头","2","(个)"
"14/07/2022","2/2022","M-189","电池盒","2","(个)"
"14/07/2022","2/2022","M-190","空碳粉匣","4","(个)"
"14/07/2022","2/2022","M-190","空碳粉匣","2","(个)"
"14/07/2022","2/2022","M-190","空碳粉匣","2","(个)"
"14/07/2022","2/2022","M-190","空碳粉匣","2","(个)"
"14/07/2022","2/2022","M-190","已用感光鼓","2","(个)"
"14/07/2022","2/2022","M-190","已用感光鼓","1","(个)"
"14/07/2022","2/2022","M-190","已用感光鼓","2","(个)"
"14/07/2022","2/2022","M-190","已用感光鼓","2","(个)"
"14/07/2022","2/2022","M-190","空碳粉匣","1","(个)"
"14/07/2022","2/2022","M-190","空碳粉匣","3","(个)"
"14/07/2022","2/2022","M-190","空碳粉匣","4","(个)"
"14/07/2022","2/2022","M-190","空碳粉匣","2","(个)"
"14/07/2022","2/2022","M-190","空碳粉匣","1","(个)"
"14/07/2022","2/2022","M-190","空碳粉匣","4","(个)"
"14/07/2022","2/2022","M-190","空碳粉匣","14","(个)"
"14/07/2022","2/2022","M-190","空碳粉匣","13","(个)"
"14/07/2022","2/2022","M-190","空碳粉匣","13","(个)"
"14/07/2022","2/2022","M-190","空碳粉匣","12","(个)"
"14/07/2022","2/2022","M-190","空碳粉匣","22","(个)"
"14/07/2022","2/2022","M-190","空碳粉匣","7","(个)"
"14/07/2022","2/2022","M-190","空碳粉匣","6","(个)"
"14/07/2022","2/2022","M-190","空碳粉匣","8","(个)"
"14/07/2022","2/2022","M-190","空碳粉匣","7","(个)"
"14/07/2022","2/2022","M-191","钢琴","1","(部)"
"14/07/2022","2/2022","M-191","电子琴","1","(部)"
"14/07/2022","2/2022","M-191","牧童笛","1","(支)"
"14/07/2022","2/2022","M-191","牧童笛","1","(支)"
"14/07/2022","2/2022","M-192","碎纸机","1","(部)"
"14/07/2022","2/2022","M-192","投影机 (已拆下)","1","(部)"
"14/07/2022","2/2022","M-192","订装机","1","(部)"
"14/07/2022","2/2022","M-192","投影机 (已拆下)","1","(部)"
"14/07/2022","2/2022","M-192","转换式海报架","4","(个)"
"14/07/2022","2/2022","M-193","防水数码相机","1","(部)"
"14/07/2022","2/2022","M-193","录影带机","1","(部)"
"14/07/2022","2/2022","M-193","对讲机","2","(部)"
"14/07/2022","2/2022","M-193","轮椅车","3","(部)"
"14/07/2022","2/2022","M-193","白板","1","(块)"
"14/07/2022","2/2022","M-193","传真机","1","(部)"
"14/07/2022","2/2022","M-194","条状碎纸机","1","(部)"
"14/07/2022","2/2022","M-194","三速吹地机","4","(部)"
"14/07/2022","2/2022","M-194","电子白板","2","(块)"
"14/07/2022","2/2022","M-195","折台","4","(张)"
"14/07/2022","2/2022","M-195","卷门钢柜","1","(个)"
"14/07/2022","2/2022","M-195","蚀刻机","2","(部)"
"14/07/2022","2/2022","M-195","制造陶瓷转盘","10","(件)"
"14/07/2022","2/2022","M-195","襟章机","1","(部)"
"14/07/2022","2/2022","M-196","空碳粉匣","1","(个)"
"14/07/2022","2/2022","M-196","空碳粉匣","1","(个)"
"14/07/2022","2/2022","M-196","空碳粉匣","3","(个)"
"14/07/2022","2/2022","M-196","空碳粉匣","1","(个)"
"14/07/2022","2/2022","M-196","空碳粉匣","3","(个)"
"14/07/2022","2/2022","M-196","空碳粉匣","3","(个)"
"14/07/2022","2/2022","M-196","空碳粉匣","9","(个)"
"14/07/2022","2/2022","M-196","空碳粉匣","1","(个)"
"14/07/2022","2/2022","M-196","空碳粉匣","26","(个)"
"14/07/2022","2/2022","M-196","空碳粉匣","15","(个)"
"14/07/2022","2/2022","M-196","空碳粉匣","3","(个)"
"14/07/2022","2/2022","M-196","空碳粉匣","2","(个)"
"14/07/2022","2/2022","M-196","空碳粉匣","3","(个)"
"14/07/2022","2/2022","M-196","空碳粉匣","2","(个)"
"14/07/2022","2/2022","M-196","空碳粉匣","1","(个)"
"14/07/2022","2/2022","M-196","空碳粉匣","5","(个)"
"14/07/2022","2/2022","M-196","空碳粉匣","18","(个)"
"14/07/2022","2/2022","M-196","空碳粉匣","23","(个)"
"14/07/2022","2/2022","M-196","空碳粉匣","1","(个)"
"14/07/2022","2/2022","M-196","空碳粉匣","1","(个)"
"14/07/2022","2/2022","M-196","空碳粉匣","2","(个)"
"14/07/2022","2/2022","M-196","空碳粉匣","2","(个)"
"14/07/2022","2/2022","M-196","空碳粉匣","1","(个)"
"14/07/2022","2/2022","M-196","空碳粉匣","1","(个)"
"14/07/2022","2/2022","M-196","空碳粉匣","2","(个)"
"14/07/2022","2/2022","M-196","空碳粉匣","1","(个)"
"14/07/2022","2/2022","M-196","空碳粉匣","6","(个)"
"14/07/2022","2/2022","M-197","卷门储物木柜","25","(个)"
"14/07/2022","2/2022","M-198","数码相机","1","(部)"
"14/07/2022","2/2022","M-198","数码相机","1","(部)"
"14/07/2022","2/2022","M-198","数码摄录机","1","(部)"
"14/07/2022","2/2022","M-198","耳机","26","(个)"
"14/07/2022","2/2022","M-198","读卡器","8","(个)"
"14/07/2022","2/2022","M-198","交换器","1","(部)"
"14/07/2022","2/2022","M-198","数码投影机 (已拆下)","1","(部)"
"14/07/2022","2/2022","M-198","数码投影机 (已拆下)","1","(部)"
"14/07/2022","2/2022","M-199","电子白板","1","(块)"
"14/07/2022","2/2022","M-199","传真机","1","(部)"
"14/07/2022","2/2022","M-199","传真机","1","(部)"
"14/07/2022","2/2022","M-199","镜头","2","(个)"
"14/07/2022","2/2022","M-199","传真机 (重型)","1","(部)"
"14/07/2022","2/2022","M-200","镜头","1","(个)"
"14/07/2022","2/2022","M-200","防水相机壳","1","(个)"
"14/07/2022","2/2022","M-200","防水相机壳","1","(个)"
"14/07/2022","2/2022","M-200","数码相机","1","(个)"
"14/07/2022","2/2022","M-200","数码摄录机","1","(部)"
"14/07/2022","2/2022","M-200","数码相机","1","(部)"
"14/07/2022","2/2022","M-200","数码摄录机","1","(部)"
"14/07/2022","2/2022","M-200","三脚架","1","(个)"
"14/07/2022","2/2022","M-200","数码相机","1","(部)"
"14/07/2022","2/2022","M-201","数码相机","1","(部)"
"14/07/2022","2/2022","M-201","高效浓缩机","1","(部)"
"14/07/2022","2/2022","M-201","数码相机","1","(部)"
"14/07/2022","2/2022","M-201","二氧化硫测试工具","1","(套)"
"14/07/2022","2/2022","M-201","旋转蒸发器","1","(套)"
"14/07/2022","2/2022","M-201","碎纸机","1","(部)"
"14/07/2022","2/2022","M-201","真空干燥器","1","(部)"
"14/07/2022","2/2022","M-201","搅拌器","1","(个)"
"14/07/2022","2/2022","M-201","样本架","1","(个)"
"14/07/2022","2/2022","M-202","手提电话","2","(部)"
"14/07/2022","2/2022","M-202","数码相机","1","(部)"
"14/07/2022","2/2022","M-202","超声波检测表","1","(部)"
"14/07/2022","2/2022","M-202","压力记录仪","2","(部)"
"14/07/2022","2/2022","M-203","菲林相机","1","(部)"
"14/07/2022","2/2022","M-203","数码相机","1","(部)"
"14/07/2022","2/2022","M-203","菲林相机","1","(部)"
"14/07/2022","2/2022","M-203","相机镜头","1","(个)"
"14/07/2022","2/2022","M-203","闪光灯","1","(个)"
"14/07/2022","2/2022","M-203","相机镜头","1","(个)"
"14/07/2022","2/2022","M-203","相机镜头","1","(个)"
"14/07/2022","2/2022","M-203","数码相机","1","(部)"
"14/07/2022","2/2022","M-203","数码相机","1","(部)"
"14/07/2022","2/2022","M-203","无线传输器","1","(个)"
"14/07/2022","2/2022","M-203","闪光灯","1","(个)"
"14/07/2022","2/2022","M-203","数码相机连镜头","1","(套)"
"14/07/2022","2/2022","M-203","闪光灯","1","(个)"
"14/07/2022","2/2022","M-203","数码相机","1","(部)"
"14/07/2022","2/2022","M-203","闪光灯","1","(个)"
"14/07/2022","2/2022","M-203","保护镜","2","(个)"
"14/07/2022","2/2022","M-203","电池手柄","1","(个)"
"14/07/2022","2/2022","MS-301","影印机 (没有硬碟)","1","(部)"
"14/07/2022","2/2022","MS-302","电脑木架","1","(张)"
"14/07/2022","2/2022","MS-302","打字机","1","(部)"
"14/07/2022","2/2022","MS-303","木长方型台","2","(张)"
"14/07/2022","2/2022","MS-303","木长方型台 (有两个抽屉)","2","(张)"
"14/07/2022","2/2022","MS-303","描图纸","53","(卷)"
"14/07/2022","2/2022","MS-304","多层电脑台","1","(张)"
"14/07/2022","2/2022","MS-305","碎纸机","1","(部)"
"14/07/2022","2/2022","MS-306","数码相机","1","(部)"
"14/07/2022","2/2022","MS-306","数码相机","1","(部)"
"14/07/2022","2/2022","MS-306","数码相机","1","(部)"
"14/07/2022","2/2022","MS-306","油压折合餐台","1","(张)"
"14/07/2022","2/2022","MS-306","无线麦克风系统连麦克风","1","(部)"
"14/07/2022","2/2022","MS-306","手提电话","1","(部)"
"14/07/2022","2/2022","MS-307","网络录影机","1","(套)"
"14/07/2022","2/2022","MS-307","木台","1","(张)"
"14/07/2022","2/2022","MS-307","相机","1","(套)"
"14/07/2022","2/2022","MS-307","相机","1","(套)"
"14/07/2022","2/2022","MS-307","相机","1","(套)"
"14/07/2022","2/2022","MS-307","窗帘","1","(块)"
"14/07/2022","2/2022","MS-307","玻璃白板","1","(块)"
"14/07/2022","2/2022","MS-307","门锁","1","(把)"
"14/07/2022","2/2022","MS-307","投影机","1","(部)"
"14/07/2022","2/2022","MS-307","投影机","1","(部)"
"14/07/2022","2/2022","MS-307","航拍机","1","(套)"
"14/07/2022","2/2022","MS-307","航拍机","1","(部)"
"14/07/2022","2/2022","MS-307","滤水器","1","(部)"
"14/07/2022","2/2022","MS-307","手提电话","1","(部)"
"14/07/2022","2/2022","MS-307","速印机","1","(部)"
"14/07/2022","2/2022","MS-307","速印机","1","(套)"
"14/07/2022","2/2022","MS-308","丰田客车 (有匙)","1","(部)"
"14/07/2022","2/2022","MS-308","丰田客车 (后备轮胎)","1","(个)"
"14/07/2022","2/2022","MS-309","木柜","1","(个)"
"14/07/2022","2/2022","MS-309","木台","2","(张)"
"14/07/2022","2/2022","MS-309","侧柜 (木制)","1","(个)"
"14/07/2022","2/2022","MS-309","侧柜 (木制)","1","(个)"
"14/07/2022","2/2022","MS-309","木柜台","1","(张)"
"14/07/2022","2/2022","MS-309","木柜","1","(个)"
"14/07/2022","2/2022","MS-309","木柜","1","(个)"
"14/07/2022","2/2022","MS-309","间隔板","1","(套)"
"14/07/2022","2/2022","MS-310","手提摄录机","1","(部)"
"14/07/2022","2/2022","MS-310","手提电话","1","(部)"
"14/07/2022","2/2022","MS-310","手提电话","1","(部)"
"14/07/2022","2/2022","MS-310","手提电话","1","(部)"
"14/07/2022","2/2022","MS-310","影印机","1","(部)"
"14/07/2022","2/2022","MS-310","影印机","1","(部)"
"14/07/2022","2/2022","MS-310","进纸器","1","(部)"
"14/07/2022","2/2022","MS-310","折信机","1","(部)"
"14/07/2022","2/2022","MS-310","碎纸机","1","(部)"
"14/07/2022","2/2022","MS-310","移动式冷气机","1","(部)"
"14/07/2022","2/2022","MS-311","梳化","1","(张)"
"14/07/2022","2/2022","MS-311","中华新字典","1","(本)"
"14/07/2022","2/2022","MS-311","传真机","1","(部)"
"14/07/2022","2/2022","MS-311","衣柜","1","(个)"
"14/07/2022","2/2022","MS-311","计算机","2","(部)"
"14/07/2022","2/2022","MS-311","标签机","1","(部)"
"14/07/2022","2/2022","MS-312","男装冬季线绒上衣 (未曾使用)","81","(件)"
"14/07/2022","2/2022","MS-312","女装的确凉夏季衫 (未曾使用)","117","(件)"
"14/07/2022","2/2022","MS-313","手提电话","15","(部)"
"14/07/2022","2/2022","MS-313","手提电话","20","(部)"
"14/07/2022","2/2022","MS-313","手提电话","20","(部)"
"14/07/2022","2/2022","UP-701","雪柜 (已拆下)","1","(部)"
"14/07/2022","2/2022","UP-701","洗衣机 (已拆下)","1","(部)"
"14/07/2022","2/2022","UP-701","分体式冷气机 (已拆下)","1","(部)"
"14/07/2022","2/2022","UP-702","夹万 (已打开)","1","(个)"
"14/07/2022","2/2022","UP-702","双头煮食炉 (已拆下)","1","(部)"
"14/07/2022","2/2022","UP-702","抽油烟机 (已拆下)","1","(部)"
"14/07/2022","2/2022","UP-702","微波炉","1","(部)"
"14/07/2022","2/2022","UP-702","焗炉","1","(部)"
"14/07/2022","2/2022","UP-702","电热水壶","1","(个)"
"14/07/2022","2/2022","UP-702","电饭煲","1","(个)"
"14/07/2022","2/2022","UP-702","热水炉 (已拆下)","1","(部)"
"14/07/2022","2/2022","UP-702","电话","1","(部)"
"14/07/2022","2/2022","UP-703","冷风机","1","(部)"
"14/07/2022","2/2022","UP-704","液晶体电视机","1","(部)"
"14/07/2022","2/2022","UP-704","雪柜 (已拆下)","1","(部)"
"14/07/2022","2/2022","UP-705","电热水炉 (已拆下)","1","(部)"
"14/07/2022","2/2022","UP-705","电风扇 (座地)","1","(部)"
"14/07/2022","2/2022","UP-706","洗衣机 (已拆下)","1","(部)"
"14/07/2022","2/2022","UP-706","雪柜 (已拆下)","1","(部)"
"14/07/2022","2/2022","UP-707","搅拌机","1","(部)"
"14/07/2022","2/2022","UP-707","风筒","1","(个)"
"14/07/2022","2/2022","UP-707","热水炉 (已拆下)","1","(部)"
"14/07/2022","2/2022","UP-707","相机","1","(部)"
"14/07/2022","2/2022","UP-707","手提风扇","1","(部)"
"14/07/2022","2/2022","UP-708","雪柜 (已拆下)","1","(部)"
"14/07/2022","2/2022","UP-709","电视机","1","(部)"
"14/07/2022","2/2022","UP-710","风扇 (座台)","1","(部)"
"14/07/2022","2/2022","UP-711","雪柜 (已拆下)","1","(部)"
"14/07/2022","2/2022","UP-711","液晶体电视机","1","(部)"
"14/07/2022","2/2022","UP-711","洗衣机 (已拆下)","1","(部)"
"14/07/2022","2/2022","UP-712","旧私家车 (无匙)","1","(辆)"
"14/07/2022","2/2022","UP-713","电视机","1","(部)"
"14/07/2022","2/2022","UP-713","雪柜 (已拆下)","1","(部)"
"14/07/2022","2/2022","UP-713","冷气机 (已拆下)","1","(部)"
"14/07/2022","2/2022","UP-713","洗衣机 (已拆下)","1","(部)"
"14/07/2022","2/2022","UP-714","微波炉","1","(部)"
"14/07/2022","2/2022","UP-714","光碟播放机","1","(部)"
"14/07/2022","2/2022","UP-714","吸尘机","1","(部)"
"14/07/2022","2/2022","UP-714","光碟播放/收音机","1","(部)"
"14/07/2022","2/2022","UP-714","手表","11","(只)"
"14/07/2022","2/2022","UP-715","窗口式冷气机 (已拆下)","1","(部)"
"14/07/2022","2/2022","UP-715","雪柜 (双门) (已拆下)","1","(部)"
"14/07/2022","2/2022","UP-715","洗衣机 (已拆下)","1","(部)"
"14/07/2022","2/2022","UP-716","电风扇 (挂墙) (已拆下)","1","(部)"
"14/07/2022","2/2022","UP-717","单车","69","(辆)"
"14/07/2022","2/2022","UP-718","单车","150","(辆)"
"14/07/2022","2/2022","UP-719","单车","70","(辆)"
"14/07/2022","2/2022","UP-720","洗衣机 (已拆下)","1","(部)"
"14/07/2022","2/2022","UP-720","雪柜 (已拆下)","1","(部)"
"14/07/2022","2/2022","UP-720","液晶体电视机","1","(部)"
"14/07/2022","2/2022","UP-720","冷气机 (已拆下)","1","(部)"
"14/07/2022","2/2022","UP-721","抽油烟机 (已拆下)","1","(部)"
"14/07/2022","2/2022","UP-721","热水炉 (已拆下)","1","(部)"
"14/07/2022","2/2022","UP-721","抽气扇 (已拆下)","1","(部)"
"14/07/2022","2/2022","UP-721","电风扇 (座台)","1","(部)"
"14/07/2022","2/2022","UP-721","卡式录音机","1","(部)"
"14/07/2022","2/2022","UP-722","雪柜 (已拆下)","1","(部)"
"14/07/2022","2/2022","UP-722","液晶体电视机","1","(部)"
"14/07/2022","2/2022","UP-722","洗衣机 (已拆下)","1","(部)"
"14/07/2022","2/2022","UP-723","收音机","1","(部)"
"14/07/2022","2/2022","UP-723","电热水炉 (已拆下)","1","(部)"
"14/07/2022","2/2022","UP-723","热水壶","1","(个)"
"14/07/2022","2/2022","UP-724","雪柜 (双门) (已拆下)","1","(部)"
"14/07/2022","2/2022","UP-724","液晶体电视机","1","(部)"
"14/07/2022","2/2022","UP-724","液晶体电脑显示屏","1","(部)"
"14/07/2022","2/2022","UP-725","电饭煲","1","(个)"
"14/07/2022","2/2022","UP-725","微波炉","1","(部)"
"14/07/2022","2/2022","UP-725","气体热水炉 (已拆下)","1","(部)"
"14/07/2022","2/2022","UP-725","电风扇 (座台)","1","(部)"
"14/07/2022","2/2022","UP-726","热水炉 (已拆下)","1","(部)"
"14/07/2022","2/2022","UP-726","气体煮食炉 (已拆下)","1","(部)"
"14/07/2022","2/2022","UP-727","雪柜 (已拆下)","1","(部)"
"14/07/2022","2/2022","UP-727","电视机","1","(部)"
"14/07/2022","2/2022","UP-727","冷气机 (已拆下)","1","(部)"
"14/07/2022","2/2022","UP-727","洗衣机 (已拆下)","1","(部)"
"14/07/2022","2/2022","UP-728","旧私家车 (无匙)","1","(辆)"
"14/07/2022","2/2022","UP-729","旧私家车 (无匙)","1","(辆)"
"14/07/2022","2/2022","UP-730","单车","109","(辆)"
"14/07/2022","2/2022","UP-731","单车","150","(辆)"
