"拍賣日期","拍賣物品清單編號","批號","物品詳情","數量","單位"
"14/07/2022","2/2022","C-401","帽","7","(頂)"
"14/07/2022","2/2022","C-401","衣物","51","(件)"
"14/07/2022","2/2022","C-401","手袋/袋","85","(個)"
"14/07/2022","2/2022","C-401","廚房用具","8","(件)"
"14/07/2022","2/2022","C-401","証件套","10","(個)"
"14/07/2022","2/2022","C-401","圍巾","19","(條)"
"14/07/2022","2/2022","C-401","玩具","75","(件)"
"14/07/2022","2/2022","C-401","飾物","160","(件)"
"14/07/2022","2/2022","C-401","雨衣","40","(件)"
"14/07/2022","2/2022","C-401","手提電話配件","1","(個)"
"14/07/2022","2/2022","C-402","衣物","40","(件)"
"14/07/2022","2/2022","C-402","顏色石","76","(件)"
"14/07/2022","2/2022","C-402","耳環","72","(對)"
"14/07/2022","2/2022","C-402","戒指","35","(件)"
"14/07/2022","2/2022","C-402","廚房用具","45","(件)"
"14/07/2022","2/2022","C-402","裝飾品","6","(件)"
"14/07/2022","2/2022","C-402","襪","30","(對)"
"14/07/2022","2/2022","C-402","毛巾","104","(條)"
"14/07/2022","2/2022","C-402","飾物","4","(件)"
"14/07/2022","2/2022","C-402","飾物","1","(批)"
"14/07/2022","2/2022","C-402","嬰兒用品","18","(個)"
"14/07/2022","2/2022","C-403","舊全球定位器","1","(個)"
"14/07/2022","2/2022","C-403","舊電動泵","1","(個)"
"14/07/2022","2/2022","C-403","舊電池","1","(個)"
"14/07/2022","2/2022","C-403","舊手提電話","1","(部)"
"14/07/2022","2/2022","C-403","舊手提電話","1","(部)"
"14/07/2022","2/2022","C-404","床單/床套","13","(張)"
"14/07/2022","2/2022","C-404","帽","20","(頂)"
"14/07/2022","2/2022","C-404","衣物","73","(件)"
"14/07/2022","2/2022","C-404","雨傘","15","(把)"
"14/07/2022","2/2022","C-405","舊私家車 (無匙) (已損壞)","1","(輛)"
"14/07/2022","2/2022","C-406","舊私家車 (無匙) (已損壞)","1","(輛)"
"14/07/2022","2/2022","C-407","舊私家車 (無匙) (已損壞)","1","(輛)"
"14/07/2022","2/2022","C-408","舊私家車 (有匙) (已損壞)","1","(輛)"
"14/07/2022","2/2022","C-409","夾娃娃機","16","(部)"
"14/07/2022","2/2022","C-409","代幣兌換機","5","(部)"
"14/07/2022","2/2022","C-409","硬幣兌換機","1","(部)"
"14/07/2022","2/2022","C-410","舊私家車 (有匙)","1","(輛)"
"14/07/2022","2/2022","C-411","天然琥珀","4","(公斤)"
"14/07/2022","2/2022","C-411","天然黃瑪瑙原石","1.058","(公斤)"
"14/07/2022","2/2022","C-411","天然黃瑪瑙原石","0.909","(公斤)"
"14/07/2022","2/2022","C-411","天然黃瑪瑙原石","0.969","(公斤)"
"14/07/2022","2/2022","C-411","天然黃瑪瑙原石","0.925","(公斤)"
"14/07/2022","2/2022","C-411","天然黃瑪瑙原石","0.918","(公斤)"
"14/07/2022","2/2022","C-411","天然黃瑪瑙原石","1.101","(公斤)"
"14/07/2022","2/2022","C-412","手提電話","1","(部)"
"14/07/2022","2/2022","C-412","手提電話","1","(部)"
"14/07/2022","2/2022","C-412","手提電話","1","(部)"
"14/07/2022","2/2022","C-412","手提電話","1","(部)"
"14/07/2022","2/2022","C-413","桌上電腦 (不連硬碟機)","1","(部)"
"14/07/2022","2/2022","C-414","舊私家車 (無匙)","1","(輛)"
"14/07/2022","2/2022","C-415","舊輕型貨車 (無匙) 

(品牌：平治)","1","(輛)"
"14/07/2022","2/2022","C-416","舊中型貨車 (無匙) 

(品牌：東風)","1","(輛)"
"14/07/2022","2/2022","C-417","舊中型貨車 (無匙) 

(品牌：達富)","1","(輛)"
"14/07/2022","2/2022","C-418","舊拖架","1","(輛)"
"14/07/2022","2/2022","C-419","舊私家車 (無匙) 

(品牌：豐田)","1","(輛)"
"14/07/2022","2/2022","C-420","舊私家車 (無匙) 

(品牌：豐田)","1","(輛)"
"14/07/2022","2/2022","C-421","舊私家車 (無匙) 

(品牌：豐田)","1","(輛)"
"14/07/2022","2/2022","C-422","舊私家車 (無匙) 

(品牌：豐田)","1","(輛)"
"14/07/2022","2/2022","C-423","舊私家車 (無匙) 

(品牌：豐田)","1","(輛)"
"14/07/2022","2/2022","C-424","舊私家車 (無匙) 

(品牌：豐田)","1","(輛)"
"14/07/2022","2/2022","C-425","舊私家車 (無匙) 

(品牌：豐田)","1","(輛)"
"14/07/2022","2/2022","C-426","舊私家車 (無匙) 

(品牌：豐田)","1","(輛)"
"14/07/2022","2/2022","C-427","舊私家車 (無匙) 

(品牌：豐田)","1","(輛)"
"14/07/2022","2/2022","C-428","舊私家車 (無匙) 

(品牌：豐田)","1","(輛)"
"14/07/2022","2/2022","C-429","舊私家車 (無匙) 

(品牌：本田)","1","(輛)"
"14/07/2022","2/2022","M-101","傳真機","1","(部)"
"14/07/2022","2/2022","M-101","碎紙機","1","(部)"
"14/07/2022","2/2022","M-101","殺蟲器","2","(部)"
"14/07/2022","2/2022","M-101","傳真機","1","(部)"
"14/07/2022","2/2022","M-101","傳真機","1","(部)"
"14/07/2022","2/2022","M-101","集線器連管理模組軟件","2","(部)"
"14/07/2022","2/2022","M-102","學生椅","820","(張)"
"14/07/2022","2/2022","M-102","摺檯","9","(張)"
"14/07/2022","2/2022","M-102","過膠機","3","(部)"
"14/07/2022","2/2022","M-102","過膠機","1","(部)"
"14/07/2022","2/2022","M-102","A3過膠機","1","(部)"
"14/07/2022","2/2022","M-102","碎紙機","1","(部)"
"14/07/2022","2/2022","M-102","微波爐","1","(部)"
"14/07/2022","2/2022","M-102","切紙器","1","(件)"
"14/07/2022","2/2022","M-102","四座位有扶手背椅","1","(張)"
"14/07/2022","2/2022","M-102","有轆白磁板","2","(件)"
"14/07/2022","2/2022","M-102","擴音器","1","(件)"
"14/07/2022","2/2022","M-102","擴音器","1","(件)"
"14/07/2022","2/2022","M-102","擴音器","1","(件)"
"14/07/2022","2/2022","M-102","光碟卡式收音錄音機","2","(部)"
"14/07/2022","2/2022","M-102","光碟卡式收音錄音機","4","(部)"
"14/07/2022","2/2022","M-102","光碟卡式收音錄音機","4","(部)"
"14/07/2022","2/2022","M-102","光碟卡式收音錄音機","2","(部)"
"14/07/2022","2/2022","M-102","卡式錄音機","1","(部)"
"14/07/2022","2/2022","M-102","掛牆揚聲器 (已拆下)","1","(個)"
"14/07/2022","2/2022","M-102","熱熔釘裝機","1","(部)"
"14/07/2022","2/2022","M-102","碎紙機","1","(部)"
"14/07/2022","2/2022","M-103","3排半揚琴","2","(個)"
"14/07/2022","2/2022","M-103","中阮","2","(個)"
"14/07/2022","2/2022","M-103","虎丘二胡","8","(個)"
"14/07/2022","2/2022","M-103","四排揚琴","1","(個)"
"14/07/2022","2/2022","M-103","白木柳琴","3","(個)"
"14/07/2022","2/2022","M-103","18弦鋼線古箏","2","(個)"
"14/07/2022","2/2022","M-103","小號喇叭","4","(個)"
"14/07/2022","2/2022","M-104","機械人","2","(個)"
"14/07/2022","2/2022","M-104","機械人","1","(個)"
"14/07/2022","2/2022","M-104","機械人套件","17","(套)"
"14/07/2022","2/2022","M-104","機械人配件","1","(個)"
"14/07/2022","2/2022","M-104","搖控器板","1","(個)"
"14/07/2022","2/2022","M-104","手推車","1","(部)"
"14/07/2022","2/2022","M-104","機械人教材套件","1","(套)"
"14/07/2022","2/2022","M-104","機械人搖控器","2","(個)"
"14/07/2022","2/2022","M-104","教育教材套裝","8","(套)"
"14/07/2022","2/2022","M-105","戶外檯椅","10","(件)"
"14/07/2022","2/2022","M-105","機械狗","1","(套)"
"14/07/2022","2/2022","M-105","3D立體銑床","1","(部)"
"14/07/2022","2/2022","M-105","機器人","1","(件)"
"14/07/2022","2/2022","M-105","油壓系統木套件","2","(件)"
"14/07/2022","2/2022","M-105","平板切割機","1","(部)"
"14/07/2022","2/2022","M-105","3D立體打印機","3","(部)"
"14/07/2022","2/2022","M-105","實物投影機 (已拆下)","1","(部)"
"14/07/2022","2/2022","M-105","影碟播放機","1","(部)"
"14/07/2022","2/2022","M-105","錄影機","1","(部)"
"14/07/2022","2/2022","M-105","卡式錄音機","1","(部)"
"14/07/2022","2/2022","M-105","無線麥克風系統","1","(套)"
"14/07/2022","2/2022","M-105","光碟播放機","1","(部)"
"14/07/2022","2/2022","M-105","數位光處理投影機 (已拆下)","1","(部)"
"14/07/2022","2/2022","M-105","實物投影機 (已拆下)","1","(部)"
"14/07/2022","2/2022","M-105","數碼相機","1","(部)"
"14/07/2022","2/2022","M-105","數碼相機","1","(部)"
"14/07/2022","2/2022","M-105","數碼相機","1","(部)"
"14/07/2022","2/2022","M-105","數碼相機","1","(部)"
"14/07/2022","2/2022","M-105","攝錄機麥克風","1","(件)"
"14/07/2022","2/2022","M-105","充電器","1","(個)"
"14/07/2022","2/2022","M-105","<U+6E29>度記錄儀連7日時鐘表","1","(個)"
"14/07/2022","2/2022","M-105","日照計","1","(個)"
"14/07/2022","2/2022","M-105","高影機 (已拆下)","1","(部)"
"14/07/2022","2/2022","M-105","幻燈片機 (已拆下)","1","(部)"
"14/07/2022","2/2022","M-105","實物投影機 (已拆下)","1","(部)"
"14/07/2022","2/2022","M-105","實物投影機 (已拆下)","1","(部)"
"14/07/2022","2/2022","M-105","實物投影機 (已拆下)","1","(部)"
"14/07/2022","2/2022","M-106","媒體儲存器","4","(部)"
"14/07/2022","2/2022","M-106","連接器","1","(部)"
"14/07/2022","2/2022","M-106","電影製作硬件","1","(件)"
"14/07/2022","2/2022","M-106","影片轉換器","1","(件)"
"14/07/2022","2/2022","M-106","光碟複製機","1","(部)"
"14/07/2022","2/2022","M-106","光碟打印機","1","(部)"
"14/07/2022","2/2022","M-106","硬碟機 (已消磁)","2","(個)"
"14/07/2022","2/2022","M-106","電影製作硬件","1","(件)"
"14/07/2022","2/2022","M-106","電影製作硬件","1","(件)"
"14/07/2022","2/2022","M-106","迷你光碟播放機","3","(部)"
"14/07/2022","2/2022","M-106","數碼相機","2","(部)"
"14/07/2022","2/2022","M-106","數碼播放機","1","(部)"
"14/07/2022","2/2022","M-106","數碼電視機頂盒","3","(部)"
"14/07/2022","2/2022","M-106","揚聲器","1","(對)"
"14/07/2022","2/2022","M-106","裝訂機","1","(部)"
"14/07/2022","2/2022","M-106","空氣清新機","2","(部)"
"14/07/2022","2/2022","M-106","傳真機","1","(部)"
"14/07/2022","2/2022","M-106","傳真機","1","(部)"
"14/07/2022","2/2022","M-106","碎紙機","1","(部)"
"14/07/2022","2/2022","M-106","傳真機","1","(部)"
"14/07/2022","2/2022","M-107","電子磅","1","(個)"
"14/07/2022","2/2022","M-107","電子磅","1","(個)"
"14/07/2022","2/2022","M-107","電子磅","2","(個)"
"14/07/2022","2/2022","M-107","電子磅","1","(個)"
"14/07/2022","2/2022","M-107","電子磅","1","(個)"
"14/07/2022","2/2022","M-107","電子磅","1","(個)"
"14/07/2022","2/2022","M-107","離心機","1","(個)"
"14/07/2022","2/2022","M-107","投影機 (已拆下)","1","(部)"
"14/07/2022","2/2022","M-107","雙聲道揚聲器","4","(套)"
"14/07/2022","2/2022","M-107","雙聲道揚聲器","2","(套)"
"14/07/2022","2/2022","M-107","卡式帶機","1","(部)"
"14/07/2022","2/2022","M-107","反饋消除器","1","(部)"
"14/07/2022","2/2022","M-107","混音器","1","(部)"
"14/07/2022","2/2022","M-107","擴音機","2","(個)"
"14/07/2022","2/2022","M-107","擴音機","1","(個)"
"14/07/2022","2/2022","M-107","轉換盒","1","(個)"
"14/07/2022","2/2022","M-107","大堂客排椅","1","(套)"
"14/07/2022","2/2022","M-107","球車","2","(部)"
"14/07/2022","2/2022","M-107","相機連後備電","1","(套)"
"14/07/2022","2/2022","M-107","碎紙機","2","(部)"
"14/07/2022","2/2022","M-107","飲水機","2","(部)"
"14/07/2022","2/2022","M-107","錄像機","1","(部)"
"14/07/2022","2/2022","M-107","直立式紅外線人體<U+6E29>測儀","1","(部)"
"14/07/2022","2/2022","M-107","四桶鋼櫃","1","(個)"
"14/07/2022","2/2022","M-107","電子磅","1","(個)"
"14/07/2022","2/2022","M-108","譜架","17","(件)"
"14/07/2022","2/2022","M-108","大提琴","2","(個)"
"14/07/2022","2/2022","M-108","大提琴","3","(個)"
"14/07/2022","2/2022","M-108","中提琴連肩托","3","(個)"
"14/07/2022","2/2022","M-108","雙簧管","1","(個)"
"14/07/2022","2/2022","M-108","中提琴","1","(個)"
"14/07/2022","2/2022","M-108","中提琴","1","(個)"
"14/07/2022","2/2022","M-109","鋼琴連琴椅","1","(套)"
"14/07/2022","2/2022","M-110","地板拋光機","1","(部)"
"14/07/2022","2/2022","M-110","電動釘書機","2","(個)"
"14/07/2022","2/2022","M-110","微波爐","1","(部)"
"14/07/2022","2/2022","M-110","傳真機","1","(部)"
"14/07/2022","2/2022","M-110","碎紙機","1","(部)"
"14/07/2022","2/2022","M-110","乾燥棚","1","(個)"
"14/07/2022","2/2022","M-110","版畫機","1","(部)"
"14/07/2022","2/2022","M-110","縫紉機","2","(部)"
"14/07/2022","2/2022","M-110","電視櫃","1","(個)"
"14/07/2022","2/2022","M-110","錄影機","2","(部)"
"14/07/2022","2/2022","M-110","錄影機","2","(部)"
"14/07/2022","2/2022","M-110","錄影機","1","(部)"
"14/07/2022","2/2022","M-110","錄影機","1","(部)"
"14/07/2022","2/2022","M-110","光碟/磁帶錄音機","1","(部)"
"14/07/2022","2/2022","M-110","相機","1","(部)"
"14/07/2022","2/2022","M-110","相機","1","(部)"
"14/07/2022","2/2022","M-110","相機","1","(部)"
"14/07/2022","2/2022","M-110","相機","1","(部)"
"14/07/2022","2/2022","M-110","數碼相機","2","(部)"
"14/07/2022","2/2022","M-110","閃光燈","1","(個)"
"14/07/2022","2/2022","M-110","數碼相機","1","(部)"
"14/07/2022","2/2022","M-110","電子滅蚊燈","14","(部)"
"14/07/2022","2/2022","M-110","過膠機","1","(部)"
"14/07/2022","2/2022","M-110","櫃 (鋼)","1","(個)"
"14/07/2022","2/2022","M-110","三速吹風機","1","(部)"
"14/07/2022","2/2022","M-110","兩門櫃 (鋼)","2","(個)"
"14/07/2022","2/2022","M-110","液晶投影機 (已拆下)","18","(部)"
"14/07/2022","2/2022","M-110","液晶投影機 (已拆下)","4","(部)"
"14/07/2022","2/2022","M-110","液晶投影機 (已拆下)","5","(部)"
"14/07/2022","2/2022","M-110","防火牆硬件","1","(部)"
"14/07/2022","2/2022","M-110","無線網路卡","5","(件)"
"14/07/2022","2/2022","M-111","便<U+64D5>式高影機","1","(部)"
"14/07/2022","2/2022","M-111","混音擴音器","1","(個)"
"14/07/2022","2/2022","M-111","揚聲器","2","(個)"
"14/07/2022","2/2022","M-111","混音擴音器","1","(個)"
"14/07/2022","2/2022","M-111","磁帶錄音機","1","(部)"
"14/07/2022","2/2022","M-111","光碟播放機","1","(部)"
"14/07/2022","2/2022","M-111","實物投影機 (已拆下)","1","(部)"
"14/07/2022","2/2022","M-111","實物投影機 (已拆下)","1","(部)"
"14/07/2022","2/2022","M-111","手提攝錄機","1","(部)"
"14/07/2022","2/2022","M-111","光碟播放機","2","(部)"
"14/07/2022","2/2022","M-111","光碟播放機","2","(部)"
"14/07/2022","2/2022","M-111","卡拉OK擴音器","1","(部)"
"14/07/2022","2/2022","M-111","混音擴音器","1","(個)"
"14/07/2022","2/2022","M-111","液晶投影機 (已拆下)","1","(部)"
"14/07/2022","2/2022","M-111","揚聲器","2","(個)"
"14/07/2022","2/2022","M-111","影音播放器","1","(部)"
"14/07/2022","2/2022","M-111","無線麥克風接收器","1","(部)"
"14/07/2022","2/2022","M-111","無線麥克風接收器","1","(部)"
"14/07/2022","2/2022","M-111","液晶投影機 (已拆下)","1","(部)"
"14/07/2022","2/2022","M-111","無線麥克風","1","(個)"
"14/07/2022","2/2022","M-111","揚聲器及無線麥克風","1","(套)"
"14/07/2022","2/2022","M-111","調音台","1","(部)"
"14/07/2022","2/2022","M-111","磁帶錄音機","1","(部)"
"14/07/2022","2/2022","M-111","磁帶錄音機","1","(部)"
"14/07/2022","2/2022","M-111","便<U+64D5>式磁帶錄音機","1","(部)"
"14/07/2022","2/2022","M-111","光碟/磁帶錄音機","5","(部)"
"14/07/2022","2/2022","M-111","磁帶收音錄音機","1","(部)"
"14/07/2022","2/2022","M-111","電腦檯 (鋼)","3","(張)"
"14/07/2022","2/2022","M-111","電腦櫃 (鋼)","3","(個)"
"14/07/2022","2/2022","M-111","檯 (鋼)","2","(張)"
"14/07/2022","2/2022","M-111","檯 (鋼)","2","(張)"
"14/07/2022","2/2022","M-111","不銹鋼告示牌","2","(個)"
"14/07/2022","2/2022","M-112","燒碟機","1","(部)"
"14/07/2022","2/2022","M-112","數碼相機","1","(部)"
"14/07/2022","2/2022","M-112","光碟播放機","1","(部)"
"14/07/2022","2/2022","M-112","無線擴音機/接收器","1","(部)"
"14/07/2022","2/2022","M-112","無線麥克風","4","(個)"
"14/07/2022","2/2022","M-112","幻燈片投影機 (已拆下)","1","(部)"
"14/07/2022","2/2022","M-112","幻燈片投影機托盤","1","(件)"
"14/07/2022","2/2022","M-112","相機","1","(部)"
"14/07/2022","2/2022","M-112","便<U+64D5>式高影機","1","(部)"
"14/07/2022","2/2022","M-112","雷射光筆","1","(件)"
"14/07/2022","2/2022","M-112","隨身聽","1","(部)"
"14/07/2022","2/2022","M-112","隨身聽","4","(部)"
"14/07/2022","2/2022","M-112","數碼手提攝錄機","1","(部)"
"14/07/2022","2/2022","M-112","錄音筆","4","(件)"
"14/07/2022","2/2022","M-112","燒碟機","1","(部)"
"14/07/2022","2/2022","M-112","數碼攝錄機","1","(部)"
"14/07/2022","2/2022","M-112","數碼錄音機","1","(部)"
"14/07/2022","2/2022","M-112","數碼攝影機","1","(部)"
"14/07/2022","2/2022","M-113","手提電話","18","(部)"
"14/07/2022","2/2022","M-114","低音提琴盒","10","(個)"
"14/07/2022","2/2022","M-114","合唱團台階","6","(台)"
"14/07/2022","2/2022","M-115","伺服器機櫃","8","(個)"
"14/07/2022","2/2022","M-115","伺服器機櫃","1","(個)"
"14/07/2022","2/2022","M-116","電錶箱連配件","5","(部)"
"14/07/2022","2/2022","M-116","調壓器","2","(部)"
"14/07/2022","2/2022","M-117","冷熱水機","1","(部)"
"14/07/2022","2/2022","M-117","微波爐","1","(部)"
"14/07/2022","2/2022","M-117","氣體探測器","1","(部)"
"14/07/2022","2/2022","M-118","郵資機","1","(部)"
"14/07/2022","2/2022","M-118","數碼相機","1","(部)"
"14/07/2022","2/2022","M-118","影印機","1","(部)"
"14/07/2022","2/2022","M-119","焊接頭盔","3","(個)"
"14/07/2022","2/2022","M-119","直流電焊機","1","(套)"
"14/07/2022","2/2022","M-119","精準磨鏍條機","1","(部)"
"14/07/2022","2/2022","M-119","四爪單動卡盤","1","(部)"
"14/07/2022","2/2022","M-119","電動砂帶機","1","(部)"
"14/07/2022","2/2022","M-119","手提電鋸","1","(部)"
"14/07/2022","2/2022","M-119","電木鉋連配件","1","(部)"
"14/07/2022","2/2022","M-119","涼風機","2","(部)"
"14/07/2022","2/2022","M-119","搖臂鑽床","1","(部)"
"14/07/2022","2/2022","M-119","車床連配件","1","(部)"
"14/07/2022","2/2022","M-119","鉋床","1","(部)"
"14/07/2022","2/2022","M-119","空氣壓縮機","1","(部)"
"14/07/2022","2/2022","M-120","質譜儀","1","(部)"
"14/07/2022","2/2022","M-120","培養箱","1","(部)"
"14/07/2022","2/2022","M-120","冷卻培養箱","1","(部)"
"14/07/2022","2/2022","M-120","培養箱","1","(部)"
"14/07/2022","2/2022","M-120","去離子水系統","1","(套)"
"14/07/2022","2/2022","M-120","離心機","1","(部)"
"14/07/2022","2/2022","M-120","電子防潮箱","1","(台)"
"14/07/2022","2/2022","M-120","微波爐","1","(部)"
"14/07/2022","2/2022","M-120","淨水機系統","1","(部)"
"14/07/2022","2/2022","M-120","馬弗熔爐","1","(部)"
"14/07/2022","2/2022","M-120","濁度計","2","(部)"
"14/07/2022","2/2022","M-120","電子加熱盤 (30厘米 x 30厘米)","3","(部)"
"14/07/2022","2/2022","M-120","離子及酸鹼度計","9","(部)"
"14/07/2022","2/2022","M-120","酸鹼度計","2","(部)"
"14/07/2022","2/2022","M-120","電子磅玻璃罩","1","(個)"
"14/07/2022","2/2022","M-120","電子磅","1","(個)"
"14/07/2022","2/2022","M-121","轉換器","1","(個)"
"14/07/2022","2/2022","M-121","集線器","2","(個)"
"14/07/2022","2/2022","M-121","視頻調諧器","1","(個)"
"14/07/2022","2/2022","M-121","顯示卡","1","(張)"
"14/07/2022","2/2022","M-121","數碼相機","1","(部)"
"14/07/2022","2/2022","M-121","外置硬盤 (已消磁)","1","(個)"
"14/07/2022","2/2022","M-121","記憶體","1","(個)"
"14/07/2022","2/2022","M-121","硬盤 (已消磁)","1","(個)"
"14/07/2022","2/2022","M-121","伺服器","1","(個)"
"14/07/2022","2/2022","M-122","汽車引擎","15","(個)"
"14/07/2022","2/2022","M-123","對講機","8","(部)"
"14/07/2022","2/2022","M-124","過期墨盒","9","(個)"
"14/07/2022","2/2022","M-124","過期墨盒","18","(個)"
"14/07/2022","2/2022","M-124","過期墨盒","18","(個)"
"14/07/2022","2/2022","M-124","過期墨盒","13","(個)"
"14/07/2022","2/2022","M-125","卡式錄影機","1","(部)"
"14/07/2022","2/2022","M-125","光碟播放機","1","(部)"
"14/07/2022","2/2022","M-125","數碼相機","1","(部)"
"14/07/2022","2/2022","M-125","數碼相機","1","(部)"
"14/07/2022","2/2022","M-125","數碼相機","1","(部)"
"14/07/2022","2/2022","M-126","錄影機","1","(部)"
"14/07/2022","2/2022","M-126","錄影機","1","(部)"
"14/07/2022","2/2022","M-126","收音錄音機","1","(部)"
"14/07/2022","2/2022","M-126","收音錄音機","1","(部)"
"14/07/2022","2/2022","M-126","掛牆風扇","1","(部)"
"14/07/2022","2/2022","M-126","座<U+67B1>風扇","1","(部)"
"14/07/2022","2/2022","M-126","傳真機","1","(部)"
"14/07/2022","2/2022","M-126","傳真機","1","(部)"
"14/07/2022","2/2022","M-126","電話系統","1","(套)"
"14/07/2022","2/2022","M-127","過期碳粉匣","5","(個)"
"14/07/2022","2/2022","M-127","過期碳粉匣","2","(個)"
"14/07/2022","2/2022","M-128","24吋爬山單車","9","(輛)"
"14/07/2022","2/2022","M-128","20吋爬山單車","4","(輛)"
"14/07/2022","2/2022","M-128","24吋爬山單車","9","(輛)"
"14/07/2022","2/2022","M-128","20吋爬山單車","4","(輛)"
"14/07/2022","2/2022","M-128","24吋爬山單車","6","(輛)"
"14/07/2022","2/2022","M-128","20吋爬山單車","39","(輛)"
"14/07/2022","2/2022","M-128","24吋爬山單車","72","(輛)"
"14/07/2022","2/2022","M-128","24吋爬山單車","84","(輛)"
"14/07/2022","2/2022","M-129","冷風機","1","(部)"
"14/07/2022","2/2022","M-129","冷風機","1","(部)"
"14/07/2022","2/2022","M-129","空氣清新機","2","(部)"
"14/07/2022","2/2022","M-129","空氣清新機","1","(部)"
"14/07/2022","2/2022","M-130","鋼圖則四桶櫃","5","(個)"
"14/07/2022","2/2022","M-130","經緯儀","1","(部)"
"14/07/2022","2/2022","M-130","數碼相機","2","(部)"
"14/07/2022","2/2022","M-130","數碼相機","8","(部)"
"14/07/2022","2/2022","M-131","數碼相機","1","(部)"
"14/07/2022","2/2022","M-132","手提擴音機","1","(部)"
"14/07/2022","2/2022","M-132","碎紙機","1","(部)"
"14/07/2022","2/2022","M-132","音響組合","1","(套)"
"14/07/2022","2/2022","M-132","空氣淨化器","1","(部)"
"14/07/2022","2/2022","M-132","辦公<U+67B1> (木製)","4","(張)"
"14/07/2022","2/2022","M-132","辦公<U+67B1> (木製)","1","(張)"
"14/07/2022","2/2022","M-132","櫃 (木製)","1","(個)"
"14/07/2022","2/2022","M-133","滅火訓練用貨櫃 (已損壞)","2","(個)"
"14/07/2022","2/2022","M-134","泵車(有匙)及配件","1","(輛)"
"14/07/2022","2/2022","M-135","搶修車 (有匙)","1","(輛)"
"14/07/2022","2/2022","M-135","後備輪胎","1","(條)"
"14/07/2022","2/2022","M-136","泵車(有匙)及配件","1","(輛)"
"14/07/2022","2/2022","M-137","空碳粉匣","11","(個)"
"14/07/2022","2/2022","M-137","空碳粉匣","4","(個)"
"14/07/2022","2/2022","M-137","空碳粉匣","2","(個)"
"14/07/2022","2/2022","M-137","空碳粉匣","4","(個)"
"14/07/2022","2/2022","M-137","空碳粉匣","3","(個)"
"14/07/2022","2/2022","M-137","空碳粉匣","2","(個)"
"14/07/2022","2/2022","M-137","空碳粉匣","2","(個)"
"14/07/2022","2/2022","M-137","空碳粉匣","2","(個)"
"14/07/2022","2/2022","M-137","空碳粉匣","27","(個)"
"14/07/2022","2/2022","M-137","空碳粉匣","24","(個)"
"14/07/2022","2/2022","M-137","空碳粉匣","48","(個)"
"14/07/2022","2/2022","M-137","空碳粉匣","2","(個)"
"14/07/2022","2/2022","M-137","空碳粉匣","2","(個)"
"14/07/2022","2/2022","M-137","空碳粉匣","3","(個)"
"14/07/2022","2/2022","M-137","空碳粉匣","19","(個)"
"14/07/2022","2/2022","M-137","空碳粉匣","12","(個)"
"14/07/2022","2/2022","M-137","空碳粉匣","12","(個)"
"14/07/2022","2/2022","M-137","空碳粉匣","11","(個)"
"14/07/2022","2/2022","M-137","空碳粉匣","4","(個)"
"14/07/2022","2/2022","M-137","空碳粉匣","2","(個)"
"14/07/2022","2/2022","M-137","空碳粉匣","3","(個)"
"14/07/2022","2/2022","M-137","空碳粉匣","3","(個)"
"14/07/2022","2/2022","M-137","空碳粉匣","2","(個)"
"14/07/2022","2/2022","M-137","空碳粉匣","2","(個)"
"14/07/2022","2/2022","M-137","空碳粉匣","1","(個)"
"14/07/2022","2/2022","M-137","空碳粉匣","1","(個)"
"14/07/2022","2/2022","M-137","空碳粉匣","1","(個)"
"14/07/2022","2/2022","M-137","空碳粉匣","1","(個)"
"14/07/2022","2/2022","M-137","空碳粉匣","1","(個)"
"14/07/2022","2/2022","M-137","空碳粉匣","1","(個)"
"14/07/2022","2/2022","M-137","空碳粉匣","1","(個)"
"14/07/2022","2/2022","M-137","空碳粉匣","2","(個)"
"14/07/2022","2/2022","M-137","空碳粉匣","1","(個)"
"14/07/2022","2/2022","M-137","空碳粉匣","1","(個)"
"14/07/2022","2/2022","M-138","雷達連顯示器","1","(部)"
"14/07/2022","2/2022","M-139","雷達連顯示器","1","(部)"
"14/07/2022","2/2022","M-140","小型噴射快艇 (無匙)","1","(艘)"
"14/07/2022","2/2022","M-140","小型噴射快艇 (無匙)","1","(艘)"
"14/07/2022","2/2022","M-140","小型噴射快艇 (無匙)","1","(艘)"
"14/07/2022","2/2022","M-140","舷內發動機","3","(部)"
"14/07/2022","2/2022","M-140","車架","3","(個)"
"14/07/2022","2/2022","M-141","玻璃纖維製充氣橡皮艇 (無匙)","1","(艘)"
"14/07/2022","2/2022","M-141","拉索","1","(件)"
"14/07/2022","2/2022","M-141","小型繩梯","1","(件)"
"14/07/2022","2/2022","M-141","海錨連繩","1","(套)"
"14/07/2022","2/2022","M-141","維修工具","1","(套)"
"14/07/2022","2/2022","M-141","救生環連繩","1","(套)"
"14/07/2022","2/2022","M-141","手提射燈","1","(件)"
"14/07/2022","2/2022","M-141","羅盤","1","(件)"
"14/07/2022","2/2022","M-141","氣壓計","1","(個)"
"14/07/2022","2/2022","M-141","空電油桶","3","(桶)"
"14/07/2022","2/2022","M-141","舷外發動機 (90匹)","1","(部)"
"14/07/2022","2/2022","M-141","遮擋套","1","(件)"
"14/07/2022","2/2022","M-141","備用螺旋槳","1","(部)"
"14/07/2022","2/2022","M-141","電壓表","1","(件)"
"14/07/2022","2/2022","M-141","操控台連方向盤","1","(套)"
"14/07/2022","2/2022","M-141","手動氣鼓","1","(個)"
"14/07/2022","2/2022","M-141","可移除桿連航行燈","2","(件)"
"14/07/2022","2/2022","M-141","護舷墊","4","(個)"
"14/07/2022","2/2022","M-142","空碳粉匣","2","(個)"
"14/07/2022","2/2022","M-142","空碳粉匣","2","(個)"
"14/07/2022","2/2022","M-142","空碳粉匣","1","(個)"
"14/07/2022","2/2022","M-142","空碳粉匣","2","(個)"
"14/07/2022","2/2022","M-142","空碳粉匣","1","(個)"
"14/07/2022","2/2022","M-142","空碳粉匣","1","(個)"
"14/07/2022","2/2022","M-142","空碳粉匣","1","(個)"
"14/07/2022","2/2022","M-142","空碳粉匣","2","(個)"
"14/07/2022","2/2022","M-142","空碳粉匣","2","(個)"
"14/07/2022","2/2022","M-142","空碳粉匣","2","(個)"
"14/07/2022","2/2022","M-142","空碳粉匣","2","(個)"
"14/07/2022","2/2022","M-142","空碳粉匣","2","(個)"
"14/07/2022","2/2022","M-142","空碳粉匣","2","(個)"
"14/07/2022","2/2022","M-142","空碳粉匣","3","(個)"
"14/07/2022","2/2022","M-142","空碳粉匣","2","(個)"
"14/07/2022","2/2022","M-142","空碳粉匣","2","(個)"
"14/07/2022","2/2022","M-142","空碳粉匣","3","(個)"
"14/07/2022","2/2022","M-142","空碳粉匣","3","(個)"
"14/07/2022","2/2022","M-142","空碳粉匣","1","(個)"
"14/07/2022","2/2022","M-142","空碳粉匣","1","(個)"
"14/07/2022","2/2022","M-142","空碳粉匣","1","(個)"
"14/07/2022","2/2022","M-142","空碳粉匣","1","(個)"
"14/07/2022","2/2022","M-142","空碳粉匣","2","(個)"
"14/07/2022","2/2022","M-142","空碳粉匣","1","(個)"
"14/07/2022","2/2022","M-142","空碳粉匣","1","(個)"
"14/07/2022","2/2022","M-142","空碳粉匣","1","(個)"
"14/07/2022","2/2022","M-142","空碳粉匣","2","(個)"
"14/07/2022","2/2022","M-142","空碳粉匣","2","(個)"
"14/07/2022","2/2022","M-142","空碳粉匣","1","(個)"
"14/07/2022","2/2022","M-142","空碳粉匣","1","(個)"
"14/07/2022","2/2022","M-143","過期碳粉匣","3","(個)"
"14/07/2022","2/2022","M-143","過期碳粉匣","3","(個)"
"14/07/2022","2/2022","M-143","過期碳粉匣","1","(個)"
"14/07/2022","2/2022","M-143","過期碳粉匣","3","(個)"
"14/07/2022","2/2022","M-143","過期碳粉匣","3","(個)"
"14/07/2022","2/2022","M-143","過期碳粉匣","1","(個)"
"14/07/2022","2/2022","M-143","過期感光鼓","5","(個)"
"14/07/2022","2/2022","M-143","過期感光鼓","1","(個)"
"14/07/2022","2/2022","M-143","過期感光鼓","2","(個)"
"14/07/2022","2/2022","M-143","過期感光鼓","3","(個)"
"14/07/2022","2/2022","M-143","過期碳粉匣","1","(個)"
"14/07/2022","2/2022","M-143","過期碳粉匣","1","(個)"
"14/07/2022","2/2022","M-143","過期碳粉匣","2","(個)"
"14/07/2022","2/2022","M-143","過期碳粉匣","1","(個)"
"14/07/2022","2/2022","M-143","過期碳粉匣","1","(個)"
"14/07/2022","2/2022","M-143","過期碳粉匣","1","(個)"
"14/07/2022","2/2022","M-143","過期碳粉匣","1","(個)"
"14/07/2022","2/2022","M-143","碳粉收集盒","4","(個)"
"14/07/2022","2/2022","M-144","醫療用雪櫃","2","(部)"
"14/07/2022","2/2022","M-144","醫療用雪櫃","1","(部)"
"14/07/2022","2/2022","M-144","光學顯微鏡","2","(部)"
"14/07/2022","2/2022","M-144","研磨器","2","(部)"
"14/07/2022","2/2022","M-144","熱循環儀","1","(部)"
"14/07/2022","2/2022","M-144","加熱器","1","(部)"
"14/07/2022","2/2022","M-144","篩子","1","(件)"
"14/07/2022","2/2022","M-144","血液分析儀","1","(部)"
"14/07/2022","2/2022","M-144","血液分析儀配件","1","(部)"
"14/07/2022","2/2022","M-144","臭氧製造機","1","(部)"
"14/07/2022","2/2022","M-144","熱感打印機","1","(部)"
"14/07/2022","2/2022","M-144","凝膠成像系統","1","(部)"
"14/07/2022","2/2022","M-144","離心機","1","(部)"
"14/07/2022","2/2022","M-144","氣化還原電位計","2","(部)"
"14/07/2022","2/2022","M-144","顯微鏡相機","1","(部)"
"14/07/2022","2/2022","M-144","廣角鏡","1","(件)"
"14/07/2022","2/2022","M-144","顯微鏡鏡頭","1","(件)"
"14/07/2022","2/2022","M-144","顯微鏡鏡頭","1","(件)"
"14/07/2022","2/2022","M-144","顯微鏡鏡頭","1","(件)"
"14/07/2022","2/2022","M-144","探頭延長線","1","(件)"
"14/07/2022","2/2022","M-144","氯探頭","1","(件)"
"14/07/2022","2/2022","M-144","探頭儀","1","(部)"
"14/07/2022","2/2022","M-144","探頭延長線","1","(件)"
"14/07/2022","2/2022","M-144","顯微鏡","1","(部)"
"14/07/2022","2/2022","M-144","聲納深度計","4","(部)"
"14/07/2022","2/2022","M-144","pH探頭","3","(件)"
"14/07/2022","2/2022","M-144","溫度/導電探頭","1","(件)"
"14/07/2022","2/2022","M-144","溶氧探頭","2","(件)"
"14/07/2022","2/2022","M-145","數碼相機","1","(部)"
"14/07/2022","2/2022","M-145","數碼相機","1","(部)"
"14/07/2022","2/2022","M-145","數碼相機","3","(部)"
"14/07/2022","2/2022","M-145","數碼相機","3","(部)"
"14/07/2022","2/2022","M-145","數碼相機","3","(部)"
"14/07/2022","2/2022","M-145","數碼相機","1","(部)"
"14/07/2022","2/2022","M-145","望遠鏡 (已損壞)","1","(部)"
"14/07/2022","2/2022","M-145","望遠鏡 (已損壞)","2","(部)"
"14/07/2022","2/2022","M-145","望遠鏡","2","(部)"
"14/07/2022","2/2022","M-145","定位器","2","(部)"
"14/07/2022","2/2022","M-145","定位器","2","(部)"
"14/07/2022","2/2022","M-145","定位器","2","(部)"
"14/07/2022","2/2022","M-145","定位器","1","(部)"
"14/07/2022","2/2022","M-146","抽風櫃","2","(個)"
"14/07/2022","2/2022","M-146","溫濕計","1","(個)"
"14/07/2022","2/2022","M-146","氣相色譜儀","2","(部)"
"14/07/2022","2/2022","M-146","質譜儀","2","(部)"
"14/07/2022","2/2022","M-146","惰性質量檢測器電子零件","1","(部)"
"14/07/2022","2/2022","M-146","自動進樣器","1","(部)"
"14/07/2022","2/2022","M-146","自動樣本注射器","1","(部)"
"14/07/2022","2/2022","M-146","汞分析儀","1","(部)"
"14/07/2022","2/2022","M-146","泵","1","(個)"
"14/07/2022","2/2022","M-146","記錄儀","1","(部)"
"14/07/2022","2/2022","M-146","空氣清新機","1","(部)"
"14/07/2022","2/2022","M-146","氣體調壓器","3","(部)"
"14/07/2022","2/2022","M-146","電熱爐","1","(部)"
"14/07/2022","2/2022","M-146","柱後反應器","1","(部)"
"14/07/2022","2/2022","M-146","溫度控制器","1","(部)"
"14/07/2022","2/2022","M-146","超音波清洗器","1","(部)"
"14/07/2022","2/2022","M-146","電熱爐","1","(部)"
"14/07/2022","2/2022","M-146","循環水浴","1","(個)"
"14/07/2022","2/2022","M-147","8頻道混音器連5個輔助接口及4組立體聲主控組合","1","(件)"
"14/07/2022","2/2022","M-147","3頭配置盒式磁帶機連遙控器","4","(件)"
"14/07/2022","2/2022","M-147","擴音箱","5","(件)"
"14/07/2022","2/2022","M-147","即時翻譯器材","2","(件)"
"14/07/2022","2/2022","M-147","八頻道翻譯接收器","60","(件)"
"14/07/2022","2/2022","M-147","音效控制器材","1","(件)"
"14/07/2022","2/2022","M-147","翻譯通訊器材","3","(件)"
"14/07/2022","2/2022","M-147","翻譯通訊器材","40","(件)"
"14/07/2022","2/2022","M-147","翻譯通訊器材","2","(件)"
"14/07/2022","2/2022","M-147","翻譯器材界面","1","(件)"
"14/07/2022","2/2022","M-147","麥克風","2","(件)"
"14/07/2022","2/2022","M-147","擴音器","1","(件)"
"14/07/2022","2/2022","M-147","音頻產生器","1","(件)"
"14/07/2022","2/2022","M-147","錄像相機","1","(件)"
"14/07/2022","2/2022","M-147","實物投影機","1","(件)"
"14/07/2022","2/2022","M-147","錄影機","1","(件)"
"14/07/2022","2/2022","M-147","雙盒式磁帶錄音機","2","(件)"
"14/07/2022","2/2022","M-147","雙盒式磁帶錄音機","2","(件)"
"14/07/2022","2/2022","M-147","雙盒式磁帶揚聲器","1","(件)"
"14/07/2022","2/2022","M-148","傳真機","1","(部)"
"14/07/2022","2/2022","M-148","傳真機","1","(部)"
"14/07/2022","2/2022","M-148","傳真機","1","(部)"
"14/07/2022","2/2022","M-149","手提電話","4","(部)"
"14/07/2022","2/2022","M-149","手提電話","1","(部)"
"14/07/2022","2/2022","M-150","影碟播放機","2","(部)"
"14/07/2022","2/2022","M-150","無線麥克風","1","(個)"
"14/07/2022","2/2022","M-150","不鏽鋼籠車","2","(部)"
"14/07/2022","2/2022","M-150","網路交換器","1","(部)"
"14/07/2022","2/2022","M-150","四桶鋼櫃","1","(個)"
"14/07/2022","2/2022","M-150","卡式錄音機","2","(部)"
"14/07/2022","2/2022","M-150","數碼投影機 (已拆下)","1","(部)"
"14/07/2022","2/2022","M-150","實物投影機 (已拆下)","3","(部)"
"14/07/2022","2/2022","M-151","低音提琴","2","(個)"
"14/07/2022","2/2022","M-151","大提琴","1","(個)"
"14/07/2022","2/2022","M-151","低音鼓","1","(個)"
"14/07/2022","2/2022","M-151","板胡","1","(個)"
"14/07/2022","2/2022","M-151","大提琴","2","(個)"
"14/07/2022","2/2022","M-151","36音笙","1","(個)"
"14/07/2022","2/2022","M-151","北京中阮","2","(個)"
"14/07/2022","2/2022","M-152","高影機 (已拆下)","3","(部)"
"14/07/2022","2/2022","M-152","高影機 (已拆下)","13","(部)"
"14/07/2022","2/2022","M-152","高影機 (已拆下)","8","(部)"
"14/07/2022","2/2022","M-152","平衡木","1","(個)"
"14/07/2022","2/2022","M-152","矮平衡木","1","(個)"
"14/07/2022","2/2022","M-152","雙槓","1","(個)"
"14/07/2022","2/2022","M-152","光碟複製機","1","(部)"
"14/07/2022","2/2022","M-152","高影機 (已拆下)","1","(部)"
"14/07/2022","2/2022","M-152","液晶投影機 (已拆下)","1","(部)"
"14/07/2022","2/2022","M-152","數位投影機 (已拆下)","1","(部)"
"14/07/2022","2/2022","M-152","液晶投影機 (已拆下)","3","(部)"
"14/07/2022","2/2022","M-152","液晶投影機 (已拆下)","6","(部)"
"14/07/2022","2/2022","M-152","液晶投影機 (已拆下)","3","(部)"
"14/07/2022","2/2022","M-152","液晶投影機 (已拆下)","4","(部)"
"14/07/2022","2/2022","M-152","垂直安全地墊車","2","(部)"
"14/07/2022","2/2022","M-152","電子計分牌","1","(個)"
"14/07/2022","2/2022","M-152","帶滑輪系統排球柱","1","(套)"
"14/07/2022","2/2022","M-152","人體磅","1","(個)"
"14/07/2022","2/2022","M-152","繪圖切割機","1","(部)"
"14/07/2022","2/2022","M-152","安培計","5","(個)"
"14/07/2022","2/2022","M-152","訊號產生器","1","(個)"
"14/07/2022","2/2022","M-152","示波器","1","(個)"
"14/07/2022","2/2022","M-152","卡片打印機","1","(部)"
"14/07/2022","2/2022","M-152","乒乓球檯","2","(張)"
"14/07/2022","2/2022","M-152","液晶投影機 (已拆下)","1","(部)"
"14/07/2022","2/2022","M-152","數位光處理投影機 (已拆下)","1","(部)"
"14/07/2022","2/2022","M-152","投影機連配件","1","(部)"
"14/07/2022","2/2022","M-152","攝錄機","2","(部)"
"14/07/2022","2/2022","M-152","攝錄機","1","(部)"
"14/07/2022","2/2022","M-152","攝錄機","1","(部)"
"14/07/2022","2/2022","M-152","攝錄機","1","(部)"
"14/07/2022","2/2022","M-152","光碟播放機","1","(部)"
"14/07/2022","2/2022","M-152","攝錄機","1","(部)"
"14/07/2022","2/2022","M-152","攝錄機","1","(部)"
"14/07/2022","2/2022","M-152","電泵","1","(部)"
"14/07/2022","2/2022","M-152","光碟音響組合","1","(部)"
"14/07/2022","2/2022","M-152","裝訂機","1","(部)"
"14/07/2022","2/2022","M-152","混音器","1","(部)"
"14/07/2022","2/2022","M-152","紅外線無線麥克風","2","(個)"
"14/07/2022","2/2022","M-152","混音前置擴音器","1","(部)"
"14/07/2022","2/2022","M-152","液晶投影機 (已拆下)","1","(部)"
"14/07/2022","2/2022","M-152","液晶投影機 (已拆下)","1","(部)"
"14/07/2022","2/2022","M-153","二路揚聲器","2","(個)"
"14/07/2022","2/2022","M-153","襟章機","1","(部)"
"14/07/2022","2/2022","M-153","低音木琴","1","(個)"
"14/07/2022","2/2022","M-153","大提琴黑木指板","1","(個)"
"14/07/2022","2/2022","M-153","邦哥鼓","1","(個)"
"14/07/2022","2/2022","M-153","傳真機","1","(部)"
"14/07/2022","2/2022","M-153","光碟播放機","1","(部)"
"14/07/2022","2/2022","M-153","錄影機","1","(部)"
"14/07/2022","2/2022","M-153","數碼相機","1","(部)"
"14/07/2022","2/2022","M-153","對講機","2","(部)"
"14/07/2022","2/2022","M-153","數碼相機","1","(部)"
"14/07/2022","2/2022","M-153","液晶顯示器連裝配架 (已拆下)","1","(套)"
"14/07/2022","2/2022","M-154","實物投影機 (已拆下)","1","(部)"
"14/07/2022","2/2022","M-154","數碼相機","1","(部)"
"14/07/2022","2/2022","M-154","無線麥克風系統","3","(套)"
"14/07/2022","2/2022","M-154","投影機 (已拆下)","2","(部)"
"14/07/2022","2/2022","M-154","防火牆","1","(部)"
"14/07/2022","2/2022","M-154","液晶投影機 (已拆下)","1","(部)"
"14/07/2022","2/2022","M-154","相機","1","(部)"
"14/07/2022","2/2022","M-154","相機","1","(部)"
"14/07/2022","2/2022","M-154","相機","1","(部)"
"14/07/2022","2/2022","M-154","相機","1","(部)"
"14/07/2022","2/2022","M-154","投影機 (已拆下)","1","(部)"
"14/07/2022","2/2022","M-154","投影機 (已拆下)","1","(部)"
"14/07/2022","2/2022","M-154","液晶投影機 (已拆下)","1","(部)"
"14/07/2022","2/2022","M-154","投影機 (已拆下)","2","(部)"
"14/07/2022","2/2022","M-154","投影機 (已拆下)","2","(部)"
"14/07/2022","2/2022","M-154","液晶投影機 (已拆下)","1","(部)"
"14/07/2022","2/2022","M-154","數碼相機","1","(部)"
"14/07/2022","2/2022","M-154","攝像機","1","(部)"
"14/07/2022","2/2022","M-154","液晶投影機 (已拆下)","1","(部)"
"14/07/2022","2/2022","M-154","數碼投影機 (已拆下)","10","(部)"
"14/07/2022","2/2022","M-154","液晶投影機 (已拆下)","1","(部)"
"14/07/2022","2/2022","M-154","液晶投影機 (已拆下)","1","(部)"
"14/07/2022","2/2022","M-154","三腳架","1","(套)"
"14/07/2022","2/2022","M-154","無線揚聲器","2","(部)"
"14/07/2022","2/2022","M-154","數碼投影機 (已拆下)","6","(部)"
"14/07/2022","2/2022","M-154","數碼投影機 (已拆下)","1","(部)"
"14/07/2022","2/2022","M-154","投影機 (已拆下)","2","(部)"
"14/07/2022","2/2022","M-154","磁帶自動裝卸機","1","(部)"
"14/07/2022","2/2022","M-154","傳真機","1","(部)"
"14/07/2022","2/2022","M-154","電暖爐","4","(部)"
"14/07/2022","2/2022","M-154","過膠機","1","(部)"
"14/07/2022","2/2022","M-154","電子琴","1","(部)"
"14/07/2022","2/2022","M-154","電視吊架 (已拆下)","21","(件)"
"14/07/2022","2/2022","M-154","玻璃檯","1","(張)"
"14/07/2022","2/2022","M-154","摺檯","1","(張)"
"14/07/2022","2/2022","M-154","吸水機","1","(部)"
"14/07/2022","2/2022","M-154","乒乓球檯","2","(張)"
"14/07/2022","2/2022","M-154","展板","1","(件)"
"14/07/2022","2/2022","M-154","打卡機","1","(部)"
"14/07/2022","2/2022","M-154","抽濕機","1","(部)"
"14/07/2022","2/2022","M-154","吹地機","1","(部)"
"14/07/2022","2/2022","M-155","滅蚊機","2","(部)"
"14/07/2022","2/2022","M-155","可攜帶式音箱連無線麥克風","1","(部)"
"14/07/2022","2/2022","M-155","可攜帶式音箱","2","(部)"
"14/07/2022","2/2022","M-155","網絡錄影機","2","(部)"
"14/07/2022","2/2022","M-155","高解像度日/夜半球型攝像機","11","(部)"
"14/07/2022","2/2022","M-155","數碼視像伺服器","1","(部)"
"14/07/2022","2/2022","M-155","製冰機","1","(部)"
"14/07/2022","2/2022","M-155","製冰機","1","(部)"
"14/07/2022","2/2022","M-155","製冰機","1","(部)"
"14/07/2022","2/2022","M-155","剪草車","2","(部)"
"14/07/2022","2/2022","M-155","背囊式除草機","1","(部)"
"14/07/2022","2/2022","M-155","修樹剪","1","(部)"
"14/07/2022","2/2022","M-155","背囊式除草機","1","(部)"
"14/07/2022","2/2022","M-156","半自動體外心臟除顫器","1","(部)"
"14/07/2022","2/2022","M-156","手提金屬探測器","2","(個)"
"14/07/2022","2/2022","M-156","數碼相機","2","(部)"
"14/07/2022","2/2022","M-157","皮鞋<U+629B>光器","1","(部)"
"14/07/2022","2/2022","M-157","數碼相機連配件","1","(套)"
"14/07/2022","2/2022","M-157","自動體外心臟去顫器","1","(套)"
"14/07/2022","2/2022","M-157","全彩色屏幕","1","(個)"
"14/07/2022","2/2022","M-157","室<U+5185>顯示屏","1","(個)"
"14/07/2022","2/2022","M-158","音視頻選擇分配器","57","(個)"
"14/07/2022","2/2022","M-158","音視頻切換器","8","(個)"
"14/07/2022","2/2022","M-158","音視頻切換器","14","(個)"
"14/07/2022","2/2022","M-158","音視頻切換器","46","(個)"
"14/07/2022","2/2022","M-158","音視頻切換器","1","(個)"
"14/07/2022","2/2022","M-158","分配器","2","(個)"
"14/07/2022","2/2022","M-158","切換器","4","(個)"
"14/07/2022","2/2022","M-158","多路系統分配器","3","(個)"
"14/07/2022","2/2022","M-158","視頻電纜","93","(條)"
"14/07/2022","2/2022","M-158","音頻電纜","125","(條)"
"14/07/2022","2/2022","M-158","音視頻電纜","466","(條)"
"14/07/2022","2/2022","M-158","電視天線電纜","217","(條)"
"14/07/2022","2/2022","M-158","插頭","8","(個)"
"14/07/2022","2/2022","M-158","網路線","2","(條)"
"14/07/2022","2/2022","M-158","電視天線分配器","25","(個)"
"14/07/2022","2/2022","M-158","音視頻分配器","1","(個)"
"14/07/2022","2/2022","M-158","音視頻變壓器","2","(個)"
"14/07/2022","2/2022","M-158","交流電源線及連接器","1","(套)"
"14/07/2022","2/2022","M-158","交流電源線及連接器","248","(套)"
"14/07/2022","2/2022","M-158","解碼器線","28","(條)"
"14/07/2022","2/2022","M-158","搖控器","41","(個)"
"14/07/2022","2/2022","M-158","錄影機  

","1","(部)"
"14/07/2022","2/2022","M-158","錄影機  

","2","(部)"
"14/07/2022","2/2022","M-158","錄影機  

","2","(部)"
"14/07/2022","2/2022","M-158","錄影機  

","1","(部)"
"14/07/2022","2/2022","M-158","錄影機  

","2","(部)"
"14/07/2022","2/2022","M-158","錄影機  

","1","(部)"
"14/07/2022","2/2022","M-158","錄影機  

","1","(部)"
"14/07/2022","2/2022","M-158","錄影機  

","1","(部)"
"14/07/2022","2/2022","M-158","錄影機  

","2","(部)"
"14/07/2022","2/2022","M-158","立體聲收音錄音機","1","(部)"
"14/07/2022","2/2022","M-158","立體聲收音錄音機","1","(部)"
"14/07/2022","2/2022","M-158","立體聲收音錄音機","1","(部)"
"14/07/2022","2/2022","M-158","立體聲收音錄音機","1","(部)"
"14/07/2022","2/2022","M-158","光碟播放機","1","(部)"
"14/07/2022","2/2022","M-158","光碟播放機","1","(部)"
"14/07/2022","2/2022","M-158","擴音機","1","(部)"
"14/07/2022","2/2022","M-158","數碼聲音廣播+/FM及

數碼電視接收器","4","(個)"
"14/07/2022","2/2022","M-158","影像計時器","3","(個)"
"14/07/2022","2/2022","M-158","光碟錄影機","1","(部)"
"14/07/2022","2/2022","M-158","光碟錄影機","5","(部)"
"14/07/2022","2/2022","M-158","AM/FM立體聲數碼調諧器","3","(個)"
"14/07/2022","2/2022","M-158","6插頭拖板","27","(個)"
"14/07/2022","2/2022","M-158","1插頭拖板","1","(個)"
"14/07/2022","2/2022","M-158","3插頭拖板","1","(個)"
"14/07/2022","2/2022","M-158","10插頭拖板","2","(個)"
"14/07/2022","2/2022","M-158","3腳萬能插蘇","6","(個)"
"14/07/2022","2/2022","M-158","4插頭拖板","47","(個)"
"14/07/2022","2/2022","M-158","火牛","6","(個)"
"14/07/2022","2/2022","M-158","電視手推車","1","(部)"
"14/07/2022","2/2022","M-159","菲林相機連標準鏡頭","1","(部)"
"14/07/2022","2/2022","M-159","測光表","1","(個)"
"14/07/2022","2/2022","M-159","F4鏡頭 (40毫米)","1","(個)"
"14/07/2022","2/2022","M-159","菲林背 (6厘米 x 4.5厘米)","1","(個)"
"14/07/2022","2/2022","M-159","濾光鏡片 (62毫米)","1","(個)"
"14/07/2022","2/2022","M-159","閃光燈","1","(個)"
"14/07/2022","2/2022","M-159","相機自動延伸管","1","(條)"
"14/07/2022","2/2022","M-159","格線對焦屏片","1","(個)"
"14/07/2022","2/2022","M-159","濾光鏡片 (62毫米)","1","(個)"
"14/07/2022","2/2022","M-159","測光表","1","(個)"
"14/07/2022","2/2022","M-159","相機","1","(部)"
"14/07/2022","2/2022","M-159","雲台三腳架","1","(個)"
"14/07/2022","2/2022","M-159","相機手<U+62A6>","1","(個)"
"14/07/2022","2/2022","M-159","相機觀景器","1","(個)"
"14/07/2022","2/2022","M-159","自動伸延管","1","(個)"
"14/07/2022","2/2022","M-159","相機底背 (24毫米 x 36毫米)","1","(個)"
"14/07/2022","2/2022","M-159","對焦屏片","1","(個)"
"14/07/2022","2/2022","M-159","閃光燈","2","(個)"
"14/07/2022","2/2022","M-159","鏡頭","1","(個)"
"14/07/2022","2/2022","M-159","相機","1","(部)"
"14/07/2022","2/2022","M-159","快門線","2","(條)"
"14/07/2022","2/2022","M-159","濾鏡片","1","(個)"
"14/07/2022","2/2022","M-159","寶麗來菲林盒","1","(個)"
"14/07/2022","2/2022","M-159","相機機身","1","(個)"
"14/07/2022","2/2022","M-159","閃光燈","1","(個)"
"14/07/2022","2/2022","M-159","鏡頭","1","(個)"
"14/07/2022","2/2022","M-159","閃光燈","1","(個)"
"14/07/2022","2/2022","M-159","閃光燈","1","(個)"
"14/07/2022","2/2022","M-159","電池盒","1","(個)"
"14/07/2022","2/2022","M-159","閃光燈","1","(個)"
"14/07/2022","2/2022","M-160","空碳粉匣","28","(個)"
"14/07/2022","2/2022","M-160","空碳粉匣","4","(個)"
"14/07/2022","2/2022","M-161","空碳粉匣","29","(個)"
"14/07/2022","2/2022","M-161","空碳粉匣","1","(個)"
"14/07/2022","2/2022","M-161","空碳粉匣","10","(個)"
"14/07/2022","2/2022","M-161","空碳粉匣","15","(個)"
"14/07/2022","2/2022","M-161","空碳粉匣","3","(個)"
"14/07/2022","2/2022","M-161","空碳粉匣","1","(個)"
"14/07/2022","2/2022","M-161","空碳粉匣","1","(個)"
"14/07/2022","2/2022","M-161","空碳粉匣","6","(個)"
"14/07/2022","2/2022","M-161","空碳粉匣","15","(個)"
"14/07/2022","2/2022","M-161","空碳粉匣","7","(個)"
"14/07/2022","2/2022","M-162","空碳粉匣","2","(個)"
"14/07/2022","2/2022","M-162","空碳粉匣","1","(個)"
"14/07/2022","2/2022","M-162","空碳粉匣","1","(個)"
"14/07/2022","2/2022","M-162","空碳粉匣","1","(個)"
"14/07/2022","2/2022","M-162","空碳粉匣","1","(個)"
"14/07/2022","2/2022","M-162","已用感光鼓","1","(個)"
"14/07/2022","2/2022","M-162","空碳粉匣","1","(個)"
"14/07/2022","2/2022","M-162","空碳粉匣","1","(個)"
"14/07/2022","2/2022","M-162","空碳粉匣","7","(個)"
"14/07/2022","2/2022","M-162","空碳粉匣","7","(個)"
"14/07/2022","2/2022","M-162","空碳粉匣","7","(個)"
"14/07/2022","2/2022","M-162","已用感光鼓","2","(個)"
"14/07/2022","2/2022","M-162","已用感光鼓","2","(個)"
"14/07/2022","2/2022","M-162","已用感光鼓","3","(個)"
"14/07/2022","2/2022","M-162","已用感光鼓","2","(個)"
"14/07/2022","2/2022","M-163","多用途三角打磨切割器","1","(件)"
"14/07/2022","2/2022","M-163","室內天線信號接收器","1","(件)"
"14/07/2022","2/2022","M-163","16路視頻編碼器","1","(件)"
"14/07/2022","2/2022","M-163","平板天線","4","(件)"
"14/07/2022","2/2022","M-163","碟形天線","2","(件)"
"14/07/2022","2/2022","M-163","天線接收器","1","(件)"
"14/07/2022","2/2022","M-163","視頻編解碼器","11","(部)"
"14/07/2022","2/2022","M-164","固定蜂窩終端","1","(件)"
"14/07/2022","2/2022","M-164","伸縮天線","1","(件)"
"14/07/2022","2/2022","M-164","室外天線","1","(件)"
"14/07/2022","2/2022","M-164","封裝開關電源","2","(件)"
"14/07/2022","2/2022","M-164","電源供應器","1","(件)"
"14/07/2022","2/2022","M-164","雙軌直流電源供應器","1","(件)"
"14/07/2022","2/2022","M-164","數據連接器","1","(件)"
"14/07/2022","2/2022","M-164","功率放大器揚聲器","1","(套)"
"14/07/2022","2/2022","M-164","無線音頻系統","1","(套)"
"14/07/2022","2/2022","M-165","手提電話","4","(部)"
"14/07/2022","2/2022","M-166","數碼相機","8","(部)"
"14/07/2022","2/2022","M-166","電動釘書機","1","(部)"
"14/07/2022","2/2022","M-166","手提電話","8","(部)"
"14/07/2022","2/2022","M-166","手提電話","1","(部)"
"14/07/2022","2/2022","M-166","手提電話","2","(部)"
"14/07/2022","2/2022","M-166","手提電話","1","(部)"
"14/07/2022","2/2022","M-167","無線對講機","4","(個)"
"14/07/2022","2/2022","M-167","手提電話","1","(部)"
"14/07/2022","2/2022","M-167","手提電話","1","(部)"
"14/07/2022","2/2022","M-167","手提電話","1","(部)"
"14/07/2022","2/2022","M-168","手提電話","8","(部)"
"14/07/2022","2/2022","M-169","碎紙機","1","(部)"
"14/07/2022","2/2022","M-169","碎紙機","2","(部)"
"14/07/2022","2/2022","M-170","數碼攝像機","1","(部)"
"14/07/2022","2/2022","M-170","條碼掃描器底座","1","(個)"
"14/07/2022","2/2022","M-170","條碼掃描器","1","(部)"
"14/07/2022","2/2022","M-170","手寫板","6","(塊)"
"14/07/2022","2/2022","M-170","電子密蠟加熱器","1","(部)"
"14/07/2022","2/2022","M-170","茶炊","1","(個)"
"14/07/2022","2/2022","M-170","錄音機","1","(部)"
"14/07/2022","2/2022","M-170","電動打字機","1","(部)"
"14/07/2022","2/2022","M-170","卡式錄像機","1","(部)"
"14/07/2022","2/2022","M-170","條碼掃描器","1","(部)"
"14/07/2022","2/2022","M-171","充電池","1","(個)"
"14/07/2022","2/2022","M-171","充電池","2","(個)"
"14/07/2022","2/2022","M-171","充電池","2","(個)"
"14/07/2022","2/2022","M-171","充電池","1","(個)"
"14/07/2022","2/2022","M-171","充電池","2","(個)"
"14/07/2022","2/2022","M-171","室內無線電話","1","(部)"
"14/07/2022","2/2022","M-171","室內無線電話","1","(部)"
"14/07/2022","2/2022","M-171","外置光碟機","1","(部)"
"14/07/2022","2/2022","M-171","手提電話","1","(部)"
"14/07/2022","2/2022","M-171","手提電話","1","(部)"
"14/07/2022","2/2022","M-171","手提電話","2","(部)"
"14/07/2022","2/2022","M-172","碎紙機","1","(部)"
"14/07/2022","2/2022","M-172","投影機 (已拆下)","1","(部)"
"14/07/2022","2/2022","M-172","電動投影屏幕","1","(件)"
"14/07/2022","2/2022","M-172","混音放大器","1","(部)"
"14/07/2022","2/2022","M-172","數碼記錄器","1","(部)"
"14/07/2022","2/2022","M-172","數碼記錄器","1","(部)"
"14/07/2022","2/2022","M-172","數碼相機","1","(部)"
"14/07/2022","2/2022","M-172","即影即有相機","2","(部)"
"14/07/2022","2/2022","M-172","即影即有相機","1","(部)"
"14/07/2022","2/2022","M-172","數碼相機","1","(部)"
"14/07/2022","2/2022","M-172","數碼相機","2","(部)"
"14/07/2022","2/2022","M-172","數碼相機","1","(部)"
"14/07/2022","2/2022","M-172","數碼相機","1","(部)"
"14/07/2022","2/2022","M-172","數碼相機","2","(部)"
"14/07/2022","2/2022","M-172","相機","3","(部)"
"14/07/2022","2/2022","M-172","相機","1","(部)"
"14/07/2022","2/2022","M-172","即影即有相機","3","(部)"
"14/07/2022","2/2022","M-173","輪胎","133","(條)"
"14/07/2022","2/2022","M-174","輪胎","66","(條)"
"14/07/2022","2/2022","M-175","音響組合","3","(部)"
"14/07/2022","2/2022","M-175","影碟播放機","1","(部)"
"14/07/2022","2/2022","M-176","金屬製書架","1","(個)"
"14/07/2022","2/2022","M-176","金屬製書桌","1","(張)"
"14/07/2022","2/2022","M-176","打印機","1","(部)"
"14/07/2022","2/2022","M-176","彩色打印機","1","(部)"
"14/07/2022","2/2022","M-177","3座位排椅","2","(張)"
"14/07/2022","2/2022","M-177","戶外桌連椅","13","(張)"
"14/07/2022","2/2022","M-177","電水煲","1","(個)"
"14/07/2022","2/2022","M-177","不銹鋼移動平台","1","(個)"
"14/07/2022","2/2022","M-177","圖形計算機","40","(部)"
"14/07/2022","2/2022","M-177","運動傳感器","12","(個)"
"14/07/2022","2/2022","M-177","監測套裝","2","(套)"
"14/07/2022","2/2022","M-177","複讀機","50","(個)"
"14/07/2022","2/2022","M-178","手提電話","1","(部)"
"14/07/2022","2/2022","M-178","手提電話","3","(部)"
"14/07/2022","2/2022","M-178","手提電話","2","(部)"
"14/07/2022","2/2022","M-178","手提電話","5","(部)"
"14/07/2022","2/2022","M-178","手提電話","1","(部)"
"14/07/2022","2/2022","M-178","手提電話","1","(部)"
"14/07/2022","2/2022","M-179","繪圖<U+67B1> (超過80公斤)","1","(張)"
"14/07/2022","2/2022","M-179","投影機 (座檯式)","1","(部)"
"14/07/2022","2/2022","M-180","手提電話","5","(部)"
"14/07/2022","2/2022","M-180","手提電話","2","(部)"
"14/07/2022","2/2022","M-180","藍牙掌上電腦","1","(部)"
"14/07/2022","2/2022","M-180","標籤打印機","1","(部)"
"14/07/2022","2/2022","M-181","望遠鏡","10","(個)"
"14/07/2022","2/2022","M-181","即影即有相機","8","(部)"
"14/07/2022","2/2022","M-181","即影即有相機","1","(部)"
"14/07/2022","2/2022","M-182","手提電話","2","(部)"
"14/07/2022","2/2022","M-182","手提電話","1","(部)"
"14/07/2022","2/2022","M-182","手提電話","1","(部)"
"14/07/2022","2/2022","M-182","手提電話","1","(部)"
"14/07/2022","2/2022","M-183","聚合<U+9176>鏈式反應檢測儀","1","(部)"
"14/07/2022","2/2022","M-183","智能循環儀","1","(部)"
"14/07/2022","2/2022","M-183","冷凍切片機","1","(部)"
"14/07/2022","2/2022","M-183","自動染色機","1","(部)"
"14/07/2022","2/2022","M-183","組織處理器","1","(部)"
"14/07/2022","2/2022","M-183","冷凍切片機","1","(部)"
"14/07/2022","2/2022","M-184","鋁製名牌","2","(件)"
"14/07/2022","2/2022","M-184","電熱水瓶","1","(個)"
"14/07/2022","2/2022","M-184","電蒸爐","1","(個)"
"14/07/2022","2/2022","M-184","電動鑽孔機","1","(部)"
"14/07/2022","2/2022","M-184","碎紙機","1","(部)"
"14/07/2022","2/2022","M-184","鋁製名牌連架","1","(套)"
"14/07/2022","2/2022","M-184","四桶鋼文件櫃","2","(個)"
"14/07/2022","2/2022","M-184","電熱水瓶","2","(個)"
"14/07/2022","2/2022","M-185","無線耳機","1","(部)"
"14/07/2022","2/2022","M-185","MP3播放器","1","(部)"
"14/07/2022","2/2022","M-185","無線麥克風","1","(支)"
"14/07/2022","2/2022","M-185","電子計算機","10","(部)"
"14/07/2022","2/2022","M-185","打孔機","1","(個)"
"14/07/2022","2/2022","M-185","重型釘書機","1","(個)"
"14/07/2022","2/2022","M-186","捲門鋼櫃","8","(個)"
"14/07/2022","2/2022","M-186","滅蚊燈","6","(個)"
"14/07/2022","2/2022","M-187","管風琴連2個揚聲器","1","(部)"
"14/07/2022","2/2022","M-188","千斤頂","1","(件)"
"14/07/2022","2/2022","M-188","千斤頂","1","(件)"
"14/07/2022","2/2022","M-189","攜帶式變流器發電機","1","(部)"
"14/07/2022","2/2022","M-189","測水位機 (50米)","6","(部)"
"14/07/2022","2/2022","M-189","測水位機","1","(部)"
"14/07/2022","2/2022","M-189","測斜儀 (0.6米)","2","(件)"
"14/07/2022","2/2022","M-189","傾斜儀","1","(盒)"
"14/07/2022","2/2022","M-189","木腳架","8","(個)"
"14/07/2022","2/2022","M-189","三頭稜鏡板","2","(個)"
"14/07/2022","2/2022","M-189","稜鏡","27","(個)"
"14/07/2022","2/2022","M-189","全站儀接駁頭","1","(個)"
"14/07/2022","2/2022","M-189","測量三角底座","4","(個)"
"14/07/2022","2/2022","M-189","測量三角底座","6","(個)"
"14/07/2022","2/2022","M-189","底座接合頭","9","(個)"
"14/07/2022","2/2022","M-189","套裝小型稜鏡","1","(個)"
"14/07/2022","2/2022","M-189","棱鏡支托物","1","(個)"
"14/07/2022","2/2022","M-189","單棱鏡支托物","6","(個)"
"14/07/2022","2/2022","M-189","雙棱鏡支托物","4","(個)"
"14/07/2022","2/2022","M-189","反射頭桿 (1.3米)","3","(支)"
"14/07/2022","2/2022","M-189","標桿","1","(支)"
"14/07/2022","2/2022","M-189","望尺燈","2","(盞)"
"14/07/2022","2/2022","M-189","測量標示路牌","3","(件)"
"14/07/2022","2/2022","M-189","指南針","2","(個)"
"14/07/2022","2/2022","M-189","溫度計連金屬外殼","1","(個)"
"14/07/2022","2/2022","M-189","測量三角底座","6","(個)"
"14/07/2022","2/2022","M-189","木腳架","15","(個)"
"14/07/2022","2/2022","M-189","鋁腳架","1","(個)"
"14/07/2022","2/2022","M-189","反射頭桿 (1.3米)","35","(支)"
"14/07/2022","2/2022","M-189","延長桿 (1.0米)","4","(支)"
"14/07/2022","2/2022","M-189","條碼望尺 (4.0米)","6","(支)"
"14/07/2022","2/2022","M-189","望尺 (5.0米)","24","(支)"
"14/07/2022","2/2022","M-189","望尺座","2","(件)"
"14/07/2022","2/2022","M-189","反射頭延長桿 (1.0米)","2","(支)"
"14/07/2022","2/2022","M-189","反射頭桿腳架","3","(條)"
"14/07/2022","2/2022","M-189","標桿 (1.5米)","19","(支)"
"14/07/2022","2/2022","M-189","樹剪","1","(支)"
"14/07/2022","2/2022","M-189","斧頭","4","(把)"
"14/07/2022","2/2022","M-189","鐵鏟","2","(個)"
"14/07/2022","2/2022","M-189","開山刀","4","(把)"
"14/07/2022","2/2022","M-189","鋤頭","1","(把)"
"14/07/2022","2/2022","M-189","捲尺 (50米)","7","(把)"
"14/07/2022","2/2022","M-189","鋼尺 (100 米)","5","(把)"
"14/07/2022","2/2022","M-189","自動讀數儀","2","(部)"
"14/07/2022","2/2022","M-189","測斜機 (1.7米)","1","(部)"
"14/07/2022","2/2022","M-189","充電機","3","(部)"
"14/07/2022","2/2022","M-189","充電機","1","(部)"
"14/07/2022","2/2022","M-189","充電插頭","2","(個)"
"14/07/2022","2/2022","M-189","電池盒","2","(個)"
"14/07/2022","2/2022","M-190","空碳粉匣","4","(個)"
"14/07/2022","2/2022","M-190","空碳粉匣","2","(個)"
"14/07/2022","2/2022","M-190","空碳粉匣","2","(個)"
"14/07/2022","2/2022","M-190","空碳粉匣","2","(個)"
"14/07/2022","2/2022","M-190","已用感光鼓","2","(個)"
"14/07/2022","2/2022","M-190","已用感光鼓","1","(個)"
"14/07/2022","2/2022","M-190","已用感光鼓","2","(個)"
"14/07/2022","2/2022","M-190","已用感光鼓","2","(個)"
"14/07/2022","2/2022","M-190","空碳粉匣","1","(個)"
"14/07/2022","2/2022","M-190","空碳粉匣","3","(個)"
"14/07/2022","2/2022","M-190","空碳粉匣","4","(個)"
"14/07/2022","2/2022","M-190","空碳粉匣","2","(個)"
"14/07/2022","2/2022","M-190","空碳粉匣","1","(個)"
"14/07/2022","2/2022","M-190","空碳粉匣","4","(個)"
"14/07/2022","2/2022","M-190","空碳粉匣","14","(個)"
"14/07/2022","2/2022","M-190","空碳粉匣","13","(個)"
"14/07/2022","2/2022","M-190","空碳粉匣","13","(個)"
"14/07/2022","2/2022","M-190","空碳粉匣","12","(個)"
"14/07/2022","2/2022","M-190","空碳粉匣","22","(個)"
"14/07/2022","2/2022","M-190","空碳粉匣","7","(個)"
"14/07/2022","2/2022","M-190","空碳粉匣","6","(個)"
"14/07/2022","2/2022","M-190","空碳粉匣","8","(個)"
"14/07/2022","2/2022","M-190","空碳粉匣","7","(個)"
"14/07/2022","2/2022","M-191","鋼琴","1","(部)"
"14/07/2022","2/2022","M-191","電子琴","1","(部)"
"14/07/2022","2/2022","M-191","牧童笛","1","(支)"
"14/07/2022","2/2022","M-191","牧童笛","1","(支)"
"14/07/2022","2/2022","M-192","碎紙機","1","(部)"
"14/07/2022","2/2022","M-192","投影機 (已拆下)","1","(部)"
"14/07/2022","2/2022","M-192","訂裝機","1","(部)"
"14/07/2022","2/2022","M-192","投影機 (已拆下)","1","(部)"
"14/07/2022","2/2022","M-192","轉換式海報架","4","(個)"
"14/07/2022","2/2022","M-193","防水數碼相機","1","(部)"
"14/07/2022","2/2022","M-193","錄影帶機","1","(部)"
"14/07/2022","2/2022","M-193","對講機","2","(部)"
"14/07/2022","2/2022","M-193","輪椅車","3","(部)"
"14/07/2022","2/2022","M-193","白板","1","(塊)"
"14/07/2022","2/2022","M-193","傳真機","1","(部)"
"14/07/2022","2/2022","M-194","條狀碎紙機","1","(部)"
"14/07/2022","2/2022","M-194","三速吹地機","4","(部)"
"14/07/2022","2/2022","M-194","電子白板","2","(塊)"
"14/07/2022","2/2022","M-195","摺檯","4","(張)"
"14/07/2022","2/2022","M-195","捲門鋼櫃","1","(個)"
"14/07/2022","2/2022","M-195","蝕刻機","2","(部)"
"14/07/2022","2/2022","M-195","製造陶瓷轉盤","10","(件)"
"14/07/2022","2/2022","M-195","襟章機","1","(部)"
"14/07/2022","2/2022","M-196","空碳粉匣","1","(個)"
"14/07/2022","2/2022","M-196","空碳粉匣","1","(個)"
"14/07/2022","2/2022","M-196","空碳粉匣","3","(個)"
"14/07/2022","2/2022","M-196","空碳粉匣","1","(個)"
"14/07/2022","2/2022","M-196","空碳粉匣","3","(個)"
"14/07/2022","2/2022","M-196","空碳粉匣","3","(個)"
"14/07/2022","2/2022","M-196","空碳粉匣","9","(個)"
"14/07/2022","2/2022","M-196","空碳粉匣","1","(個)"
"14/07/2022","2/2022","M-196","空碳粉匣","26","(個)"
"14/07/2022","2/2022","M-196","空碳粉匣","15","(個)"
"14/07/2022","2/2022","M-196","空碳粉匣","3","(個)"
"14/07/2022","2/2022","M-196","空碳粉匣","2","(個)"
"14/07/2022","2/2022","M-196","空碳粉匣","3","(個)"
"14/07/2022","2/2022","M-196","空碳粉匣","2","(個)"
"14/07/2022","2/2022","M-196","空碳粉匣","1","(個)"
"14/07/2022","2/2022","M-196","空碳粉匣","5","(個)"
"14/07/2022","2/2022","M-196","空碳粉匣","18","(個)"
"14/07/2022","2/2022","M-196","空碳粉匣","23","(個)"
"14/07/2022","2/2022","M-196","空碳粉匣","1","(個)"
"14/07/2022","2/2022","M-196","空碳粉匣","1","(個)"
"14/07/2022","2/2022","M-196","空碳粉匣","2","(個)"
"14/07/2022","2/2022","M-196","空碳粉匣","2","(個)"
"14/07/2022","2/2022","M-196","空碳粉匣","1","(個)"
"14/07/2022","2/2022","M-196","空碳粉匣","1","(個)"
"14/07/2022","2/2022","M-196","空碳粉匣","2","(個)"
"14/07/2022","2/2022","M-196","空碳粉匣","1","(個)"
"14/07/2022","2/2022","M-196","空碳粉匣","6","(個)"
"14/07/2022","2/2022","M-197","捲門儲物木櫃","25","(個)"
"14/07/2022","2/2022","M-198","數碼相機","1","(部)"
"14/07/2022","2/2022","M-198","數碼相機","1","(部)"
"14/07/2022","2/2022","M-198","數碼攝錄機","1","(部)"
"14/07/2022","2/2022","M-198","耳機","26","(個)"
"14/07/2022","2/2022","M-198","讀卡器","8","(個)"
"14/07/2022","2/2022","M-198","交換器","1","(部)"
"14/07/2022","2/2022","M-198","數碼投影機 (已拆下)","1","(部)"
"14/07/2022","2/2022","M-198","數碼投影機 (已拆下)","1","(部)"
"14/07/2022","2/2022","M-199","電子白板","1","(塊)"
"14/07/2022","2/2022","M-199","傳真機","1","(部)"
"14/07/2022","2/2022","M-199","傳真機","1","(部)"
"14/07/2022","2/2022","M-199","鏡頭","2","(個)"
"14/07/2022","2/2022","M-199","傳真機 (重型)","1","(部)"
"14/07/2022","2/2022","M-200","鏡頭","1","(個)"
"14/07/2022","2/2022","M-200","防水相機殼","1","(個)"
"14/07/2022","2/2022","M-200","防水相機殼","1","(個)"
"14/07/2022","2/2022","M-200","數碼相機","1","(個)"
"14/07/2022","2/2022","M-200","數碼攝錄機","1","(部)"
"14/07/2022","2/2022","M-200","數碼相機","1","(部)"
"14/07/2022","2/2022","M-200","數碼攝錄機","1","(部)"
"14/07/2022","2/2022","M-200","三腳架","1","(個)"
"14/07/2022","2/2022","M-200","數碼相機","1","(部)"
"14/07/2022","2/2022","M-201","數碼相機","1","(部)"
"14/07/2022","2/2022","M-201","高效濃縮機","1","(部)"
"14/07/2022","2/2022","M-201","數碼相機","1","(部)"
"14/07/2022","2/2022","M-201","二氧化硫測試工具","1","(套)"
"14/07/2022","2/2022","M-201","旋轉蒸發器","1","(套)"
"14/07/2022","2/2022","M-201","碎紙機","1","(部)"
"14/07/2022","2/2022","M-201","真空乾燥器","1","(部)"
"14/07/2022","2/2022","M-201","攪拌器","1","(個)"
"14/07/2022","2/2022","M-201","樣本架","1","(個)"
"14/07/2022","2/2022","M-202","手提電話","2","(部)"
"14/07/2022","2/2022","M-202","數碼相機","1","(部)"
"14/07/2022","2/2022","M-202","超聲波檢測表","1","(部)"
"14/07/2022","2/2022","M-202","壓力記錄儀","2","(部)"
"14/07/2022","2/2022","M-203","菲林相機","1","(部)"
"14/07/2022","2/2022","M-203","數碼相機","1","(部)"
"14/07/2022","2/2022","M-203","菲林相機","1","(部)"
"14/07/2022","2/2022","M-203","相機鏡頭","1","(個)"
"14/07/2022","2/2022","M-203","閃光燈","1","(個)"
"14/07/2022","2/2022","M-203","相機鏡頭","1","(個)"
"14/07/2022","2/2022","M-203","相機鏡頭","1","(個)"
"14/07/2022","2/2022","M-203","數碼相機","1","(部)"
"14/07/2022","2/2022","M-203","數碼相機","1","(部)"
"14/07/2022","2/2022","M-203","無線傳輸器","1","(個)"
"14/07/2022","2/2022","M-203","閃光燈","1","(個)"
"14/07/2022","2/2022","M-203","數碼相機連鏡頭","1","(套)"
"14/07/2022","2/2022","M-203","閃光燈","1","(個)"
"14/07/2022","2/2022","M-203","數碼相機","1","(部)"
"14/07/2022","2/2022","M-203","閃光燈","1","(個)"
"14/07/2022","2/2022","M-203","保護鏡","2","(個)"
"14/07/2022","2/2022","M-203","電池手柄","1","(個)"
"14/07/2022","2/2022","MS-301","影印機 (沒有硬碟)","1","(部)"
"14/07/2022","2/2022","MS-302","電腦木架","1","(張)"
"14/07/2022","2/2022","MS-302","打字機","1","(部)"
"14/07/2022","2/2022","MS-303","木長方型檯","2","(張)"
"14/07/2022","2/2022","MS-303","木長方型檯 (有兩個抽屜)","2","(張)"
"14/07/2022","2/2022","MS-303","描圖紙","53","(卷)"
"14/07/2022","2/2022","MS-304","多層電腦檯","1","(張)"
"14/07/2022","2/2022","MS-305","碎紙機","1","(部)"
"14/07/2022","2/2022","MS-306","數碼相機","1","(部)"
"14/07/2022","2/2022","MS-306","數碼相機","1","(部)"
"14/07/2022","2/2022","MS-306","數碼相機","1","(部)"
"14/07/2022","2/2022","MS-306","油壓摺合餐檯","1","(張)"
"14/07/2022","2/2022","MS-306","無線麥克風系統連麥克風","1","(部)"
"14/07/2022","2/2022","MS-306","手提電話","1","(部)"
"14/07/2022","2/2022","MS-307","網絡錄影機","1","(套)"
"14/07/2022","2/2022","MS-307","木檯","1","(張)"
"14/07/2022","2/2022","MS-307","相機","1","(套)"
"14/07/2022","2/2022","MS-307","相機","1","(套)"
"14/07/2022","2/2022","MS-307","相機","1","(套)"
"14/07/2022","2/2022","MS-307","窗簾","1","(塊)"
"14/07/2022","2/2022","MS-307","玻璃白板","1","(塊)"
"14/07/2022","2/2022","MS-307","門鎖","1","(把)"
"14/07/2022","2/2022","MS-307","投影機","1","(部)"
"14/07/2022","2/2022","MS-307","投影機","1","(部)"
"14/07/2022","2/2022","MS-307","航拍機","1","(套)"
"14/07/2022","2/2022","MS-307","航拍機","1","(部)"
"14/07/2022","2/2022","MS-307","濾水器","1","(部)"
"14/07/2022","2/2022","MS-307","手提電話","1","(部)"
"14/07/2022","2/2022","MS-307","速印機","1","(部)"
"14/07/2022","2/2022","MS-307","速印機","1","(套)"
"14/07/2022","2/2022","MS-308","豐田客車 (有匙)","1","(部)"
"14/07/2022","2/2022","MS-308","豐田客車 (後備輪胎)","1","(個)"
"14/07/2022","2/2022","MS-309","木櫃","1","(個)"
"14/07/2022","2/2022","MS-309","木檯","2","(張)"
"14/07/2022","2/2022","MS-309","側櫃 (木製)","1","(個)"
"14/07/2022","2/2022","MS-309","側櫃 (木製)","1","(個)"
"14/07/2022","2/2022","MS-309","木櫃檯","1","(張)"
"14/07/2022","2/2022","MS-309","木櫃","1","(個)"
"14/07/2022","2/2022","MS-309","木櫃","1","(個)"
"14/07/2022","2/2022","MS-309","間隔板","1","(套)"
"14/07/2022","2/2022","MS-310","手提攝錄機","1","(部)"
"14/07/2022","2/2022","MS-310","手提電話","1","(部)"
"14/07/2022","2/2022","MS-310","手提電話","1","(部)"
"14/07/2022","2/2022","MS-310","手提電話","1","(部)"
"14/07/2022","2/2022","MS-310","影印機","1","(部)"
"14/07/2022","2/2022","MS-310","影印機","1","(部)"
"14/07/2022","2/2022","MS-310","進紙器","1","(部)"
"14/07/2022","2/2022","MS-310","摺信機","1","(部)"
"14/07/2022","2/2022","MS-310","碎紙機","1","(部)"
"14/07/2022","2/2022","MS-310","移動式冷氣機","1","(部)"
"14/07/2022","2/2022","MS-311","梳化","1","(張)"
"14/07/2022","2/2022","MS-311","中華新字典","1","(本)"
"14/07/2022","2/2022","MS-311","傳真機","1","(部)"
"14/07/2022","2/2022","MS-311","衣櫃","1","(個)"
"14/07/2022","2/2022","MS-311","計算機","2","(部)"
"14/07/2022","2/2022","MS-311","標籤機","1","(部)"
"14/07/2022","2/2022","MS-312","男裝冬季線絨上衣 (未曾使用)","81","(件)"
"14/07/2022","2/2022","MS-312","女裝的確涼夏季衫 (未曾使用)","117","(件)"
"14/07/2022","2/2022","MS-313","手提電話","15","(部)"
"14/07/2022","2/2022","MS-313","手提電話","20","(部)"
"14/07/2022","2/2022","MS-313","手提電話","20","(部)"
"14/07/2022","2/2022","UP-701","雪櫃 (已拆下)","1","(部)"
"14/07/2022","2/2022","UP-701","洗衣機 (已拆下)","1","(部)"
"14/07/2022","2/2022","UP-701","分體式冷氣機 (已拆下)","1","(部)"
"14/07/2022","2/2022","UP-702","夾萬 (已打開)","1","(個)"
"14/07/2022","2/2022","UP-702","雙頭煮食爐 (已拆下)","1","(部)"
"14/07/2022","2/2022","UP-702","抽油煙機 (已拆下)","1","(部)"
"14/07/2022","2/2022","UP-702","微波爐","1","(部)"
"14/07/2022","2/2022","UP-702","焗爐","1","(部)"
"14/07/2022","2/2022","UP-702","電熱水壺","1","(個)"
"14/07/2022","2/2022","UP-702","電飯煲","1","(個)"
"14/07/2022","2/2022","UP-702","熱水爐 (已拆下)","1","(部)"
"14/07/2022","2/2022","UP-702","電話","1","(部)"
"14/07/2022","2/2022","UP-703","冷風機","1","(部)"
"14/07/2022","2/2022","UP-704","液晶體電視機","1","(部)"
"14/07/2022","2/2022","UP-704","雪櫃 (已拆下)","1","(部)"
"14/07/2022","2/2022","UP-705","電熱水爐 (已拆下)","1","(部)"
"14/07/2022","2/2022","UP-705","電風扇 (座地)","1","(部)"
"14/07/2022","2/2022","UP-706","洗衣機 (已拆下)","1","(部)"
"14/07/2022","2/2022","UP-706","雪櫃 (已拆下)","1","(部)"
"14/07/2022","2/2022","UP-707","攪拌機","1","(部)"
"14/07/2022","2/2022","UP-707","風筒","1","(個)"
"14/07/2022","2/2022","UP-707","熱水爐 (已拆下)","1","(部)"
"14/07/2022","2/2022","UP-707","相機","1","(部)"
"14/07/2022","2/2022","UP-707","手提風扇","1","(部)"
"14/07/2022","2/2022","UP-708","雪櫃 (已拆下)","1","(部)"
"14/07/2022","2/2022","UP-709","電視機","1","(部)"
"14/07/2022","2/2022","UP-710","風扇 (座檯)","1","(部)"
"14/07/2022","2/2022","UP-711","雪櫃 (已拆下)","1","(部)"
"14/07/2022","2/2022","UP-711","液晶體電視機","1","(部)"
"14/07/2022","2/2022","UP-711","洗衣機 (已拆下)","1","(部)"
"14/07/2022","2/2022","UP-712","舊私家車 (無匙)","1","(輛)"
"14/07/2022","2/2022","UP-713","電視機","1","(部)"
"14/07/2022","2/2022","UP-713","雪櫃 (已拆下)","1","(部)"
"14/07/2022","2/2022","UP-713","冷氣機 (已拆下)","1","(部)"
"14/07/2022","2/2022","UP-713","洗衣機 (已拆下)","1","(部)"
"14/07/2022","2/2022","UP-714","微波爐","1","(部)"
"14/07/2022","2/2022","UP-714","光碟播放機","1","(部)"
"14/07/2022","2/2022","UP-714","吸塵機","1","(部)"
"14/07/2022","2/2022","UP-714","光碟播放/收音機","1","(部)"
"14/07/2022","2/2022","UP-714","手錶","11","(隻)"
"14/07/2022","2/2022","UP-715","窗口式冷氣機 (已拆下)","1","(部)"
"14/07/2022","2/2022","UP-715","雪櫃 (雙門) (已拆下)","1","(部)"
"14/07/2022","2/2022","UP-715","洗衣機 (已拆下)","1","(部)"
"14/07/2022","2/2022","UP-716","電風扇 (掛牆) (已拆下)","1","(部)"
"14/07/2022","2/2022","UP-717","單車","69","(輛)"
"14/07/2022","2/2022","UP-718","單車","150","(輛)"
"14/07/2022","2/2022","UP-719","單車","70","(輛)"
"14/07/2022","2/2022","UP-720","洗衣機 (已拆下)","1","(部)"
"14/07/2022","2/2022","UP-720","雪櫃 (已拆下)","1","(部)"
"14/07/2022","2/2022","UP-720","液晶體電視機","1","(部)"
"14/07/2022","2/2022","UP-720","冷氣機 (已拆下)","1","(部)"
"14/07/2022","2/2022","UP-721","抽油煙機 (已拆下)","1","(部)"
"14/07/2022","2/2022","UP-721","熱水爐 (已拆下)","1","(部)"
"14/07/2022","2/2022","UP-721","抽氣扇 (已拆下)","1","(部)"
"14/07/2022","2/2022","UP-721","電風扇 (座檯)","1","(部)"
"14/07/2022","2/2022","UP-721","卡式錄音機","1","(部)"
"14/07/2022","2/2022","UP-722","雪櫃 (已拆下)","1","(部)"
"14/07/2022","2/2022","UP-722","液晶體電視機","1","(部)"
"14/07/2022","2/2022","UP-722","洗衣機 (已拆下)","1","(部)"
"14/07/2022","2/2022","UP-723","收音機","1","(部)"
"14/07/2022","2/2022","UP-723","電熱水爐 (已拆下)","1","(部)"
"14/07/2022","2/2022","UP-723","熱水壺","1","(個)"
"14/07/2022","2/2022","UP-724","雪櫃 (雙門) (已拆下)","1","(部)"
"14/07/2022","2/2022","UP-724","液晶體電視機","1","(部)"
"14/07/2022","2/2022","UP-724","液晶體電腦顯示屏","1","(部)"
"14/07/2022","2/2022","UP-725","電飯煲","1","(個)"
"14/07/2022","2/2022","UP-725","微波爐","1","(部)"
"14/07/2022","2/2022","UP-725","氣體熱水爐 (已拆下)","1","(部)"
"14/07/2022","2/2022","UP-725","電風扇 (座檯)","1","(部)"
"14/07/2022","2/2022","UP-726","熱水爐 (已拆下)","1","(部)"
"14/07/2022","2/2022","UP-726","氣體煮食爐 (已拆下)","1","(部)"
"14/07/2022","2/2022","UP-727","雪櫃 (已拆下)","1","(部)"
"14/07/2022","2/2022","UP-727","電視機","1","(部)"
"14/07/2022","2/2022","UP-727","冷氣機 (已拆下)","1","(部)"
"14/07/2022","2/2022","UP-727","洗衣機 (已拆下)","1","(部)"
"14/07/2022","2/2022","UP-728","舊私家車 (無匙)","1","(輛)"
"14/07/2022","2/2022","UP-729","舊私家車 (無匙)","1","(輛)"
"14/07/2022","2/2022","UP-730","單車","109","(輛)"
"14/07/2022","2/2022","UP-731","單車","150","(輛)"
